Token,Start,End,Label
ABO,0,3,O
incompatibility,4,19,O
ACTH,0,4,O
syndrome,5,13,O
-,14,15,O
ectopic,16,23,O
AIDS,0,4,O
AIDS-related,0,12,O
complex,13,20,O
Abdominal,0,9,O
abscess,10,17,O
Abdominal,0,9,O
aneurysm,10,18,O
Abdominal,0,9,O
bruit,10,15,O
Abdominal,0,9,O
colic,10,15,O
Abdominal,0,9,O
mass,10,14,O
Abdominal,0,9,O
pain,10,14,O
Abdominal,0,9,O
paracentesis,10,22,O
Abdominal,0,9,O
surgery,10,17,O
Abdominoplasty,0,14,O
Abducens,0,8,O
nerve,9,14,O
palsy,15,20,O
Abetalipoporteinemia,0,20,O
Abortion,0,8,O
Above,0,5,O
knee,6,10,O
amputation,11,21,O
Abruptio,0,8,O
placentae,9,18,O
Abscess,0,7,O
Abscess,0,7,O
drainage,8,16,O
Abuse,0,5,O
-,6,7,O
alcohol,8,15,O
Acanthosis,0,10,O
nigricans,11,20,O
Achalasia,0,9,O
Achilles,0,8,O
tendon,9,15,O
rupture,16,23,O
Achlorhydria,0,12,O
Acidosis,0,8,O
-,9,10,O
lactic,11,17,O
Acidosis,0,8,O
-,9,10,O
metabolic,11,20,O
Acinar,0,6,O
cell,7,11,O
tumor,12,17,O
Acinic,0,6,O
cell,7,11,O
adenocarcinoma,12,26,O
Acne,0,4,O
Acoustic,0,8,O
neuroma,9,16,O
Acrodermatitis,0,14,O
-,15,16,O
papular,17,24,O
Acromegaly,0,10,O
Acropustulosis,0,14,O
-,15,16,O
infantile,17,26,O
Actinomycosis,0,13,O
Acute,0,5,O
myocardial,6,16,O
infarction,17,27,O
s/p,28,31,O
TPA,32,35,O
Acute,0,5,O
respiratory,6,17,O
distress,18,26,O
syndrome,27,35,O
Adamantinoma,0,12,O
Adenoacanthoma,0,14,O
Adenocarcinoma,0,14,O
Adenocarcinoma,0,14,O
in-situ,15,22,O
Adenofibroma,0,12,O
Adenoidectomy,0,13,O
Adenoids,0,8,O
-,9,10,O
large,11,16,O
Adenoma,0,7,O
Adenoma,0,7,O
-,8,9,O
follicular,10,20,O
Adenoma,0,7,O
-,8,9,O
nephrogenic,10,21,O
Adenoma,0,7,O
-,8,9,O
papillary,10,19,O
Adenoma,0,7,O
-,8,9,O
pleomorphic,10,21,O
Adenoma,0,7,O
-,8,9,O
sebaceous,10,19,O
Adenoma,0,7,O
-,8,9,O
testicular,10,20,O
Adenoma,0,7,O
-,8,9,O
tubular,10,17,O
Adenoma,0,7,O
-,8,9,O
villous,10,17,O
Adenosis,0,8,O
-,9,10,O
sclerosing,11,21,O
Adenosquamous,0,13,O
carcinoma,14,23,O
Adenotonsillar,0,14,O
hypertrophy,15,26,O
Adnexal,0,7,O
mass,8,12,O
Adrenal,0,7,O
cancer,8,14,O
Adrenal,0,7,O
cortical,8,16,O
adenocarcinoma,17,31,O
Adrenal,0,7,O
cortical,8,16,O
adenoma,17,24,O
Adrenal,0,7,O
insufficiency,8,21,O
Adrenalectomy,0,13,O
Adrenogenital,0,13,O
syndrome,14,22,O
Adult,0,5,O
abuse,6,11,O
Afibrinogenemia,0,15,O
Agoraphobia,0,11,O
with,12,16,O
panic,17,22,O
attacks,23,30,O
Agoraphobia,0,11,O
without,12,19,O
panic,20,25,O
attack,26,32,O
Akathisia,0,9,O
Albinism,0,8,O
Alcohol,0,7,O
abuse,8,13,O
-,14,15,O
continuous,16,26,O
Alkalosis,0,9,O
-,10,11,O
metabolic,12,21,O
Alkalosis,0,9,O
-,10,11,O
respiratory,12,23,O
Alkaptonuria,0,12,O
Allergic,0,8,O
alveolitis,9,19,O
Alopecia,0,8,O
Alopecia,0,8,O
areata,9,15,O
Alopecia,0,8,O
mucinosa,9,17,O
Alpha,0,5,O
thalassemia,6,17,O
Alport,0,6,O
syndrome,7,15,O
Alveolar,0,8,O
osteitis,9,17,O
Alveolar,0,8,O
proteinosis,9,20,O
Alveolar,0,8,O
soft,9,13,O
part,14,18,O
sarcoma,19,26,O
Alzheimer's,0,11,O
disease,12,19,O
Amaurosis,0,9,O
fugax,10,15,O
Amblyopia,0,9,O
Ameloblastoma,0,13,O
Amenorrhea,0,10,O
Amnesia,0,7,O
Amniocentesis,0,13,O
Amphetamine,0,11,O
abuse,12,17,O
Amylase,0,7,O
-,8,9,O
high,10,14,O
Amyloid,0,7,O
Amyotrophic,0,11,O
lateral,12,19,O
sclerosis,20,29,O
Anal,0,4,O
fissure,5,12,O
Anal,0,4,O
fistula,5,12,O
Anal/rectal,0,11,O
surgery,12,19,O
Anaphylaxis,0,11,O
Anasarca,0,8,O
Androblastoma,0,13,O
Androgen,0,8,O
deficiency,9,19,O
Anemia,0,6,O
Anemia,0,6,O
-,7,8,O
aplastic,9,17,O
Anemia,0,6,O
-,7,8,O
autoimmune,9,19,O
hemolytic,20,29,O
Anemia,0,6,O
-,7,8,O
dilutional,9,19,O
Anemia,0,6,O
-,7,8,O
folate,9,15,O
deficiency,16,26,O
Anemia,0,6,O
-,7,8,O
from,9,13,O
chronic,14,21,O
disease,22,29,O
Anemia,0,6,O
-,7,8,O
hemolytic,9,18,O
Anemia,0,6,O
-,7,8,O
iron,9,13,O
deficiency,14,24,O
Anemia,0,6,O
-,7,8,O
macrocytic,9,19,O
Anemia,0,6,O
-,7,8,O
megaloblastic,9,22,O
Anemia,0,6,O
-,7,8,O
microcytic,9,19,O
Anemia,0,6,O
-,7,8,O
myelophthisic,9,22,O
Anemia,0,6,O
-,7,8,O
normocytic,9,19,O
Anemia,0,6,O
-,7,8,O
pernicious,9,19,O
Anemia,0,6,O
-,7,8,O
refractory,9,19,O
Anemia,0,6,O
-,7,8,O
sideroblastic,9,22,O
Anemia,0,6,O
-,7,8,O
vitamin,9,16,O
B6,17,19,O
deficiency,20,30,O
Anetoderma,0,10,O
Aneurysm,0,8,O
-,9,10,O
dissecting,11,21,O
Angina,0,6,O
-,7,8,O
Ludwig's,9,17,O
Angina,0,6,O
-,7,8,O
recurrent,9,18,O
Angina,0,6,O
-,7,8,O
unstable,9,17,O
Angina,0,6,O
pectoris,7,15,O
Angiodysplasia,0,14,O
Angioedema,0,10,O
Angiofibroma,0,12,O
-,13,14,O
juvenile,15,23,O
Angiography,0,11,O
Angiokeratoma,0,13,O
Angiolipoma,0,11,O
Angiomyolipoma,0,14,O
Animal,0,6,O
bite,7,11,O
Aniseikonia,0,11,O
Anisocoria,0,10,O
Anisometropia,0,13,O
Ankle,0,5,O
dislocation,6,17,O
Ankle,0,5,O
fracture,6,14,O
Ankle,0,5,O
sprain,6,12,O
Ankle/foot,0,10,O
pain,11,15,O
Ankylosing,0,10,O
spondylosis,11,22,O
Anorexia,0,8,O
Anorexia,0,8,O
nervosa,9,16,O
Anosmia,0,7,O
Anovulation,0,11,O
Anterior,0,8,O
chamber,9,16,O
reformation,17,28,O
Anterior,0,8,O
meniscus,9,17,O
tear,18,22,O
Anthracosis,0,11,O
Antisocial,0,10,O
personality,11,22,O
disorder,23,31,O
Antrum,0,6,O
deformed,7,15,O
Anxiety,0,7,O
Aortic,0,6,O
aneurysm,7,15,O
Aortic,0,6,O
aneurysm,7,15,O
repair,16,22,O
Aortic,0,6,O
coarctation,7,18,O
Aortic,0,6,O
dissection,7,17,O
Aortic,0,6,O
insufficiency,7,20,O
Aortic,0,6,O
root,7,11,O
dilated,12,19,O
Aortic,0,6,O
stenosis,7,15,O
Aortic,0,6,O
valve,7,12,O
-,13,14,O
bicuspid,15,23,O
Aortic,0,6,O
valve,7,12,O
abnormality,13,24,O
Aortic,0,6,O
valve,7,12,O
replacement,13,24,O
Aphakia,0,7,O
Aphonia,0,7,O
Apnea,0,5,O
Appendectomy,0,12,O
Appendicitis,0,12,O
Appendolithiasis,0,16,O
Arachnoiditis,0,13,O
Arm,0,3,O
pain,4,8,O
Arrhythmia,0,10,O
Arteriosclerosis,0,16,O
Arteriovenous,0,13,O
fistula,14,21,O
Arteriovenous,0,13,O
fistula,14,21,O
surgery,22,29,O
Arteriovenous,0,13,O
malformation,14,26,O
Arteriovenous,0,13,O
shunt,14,19,O
Artery,0,6,O
surgery,7,14,O
Arthralgia,0,10,O
Arthritis,0,9,O
Arthritis,0,9,O
-,10,11,O
gonococcal,12,22,O
Arthritis,0,9,O
-,10,11,O
psoriatic,12,21,O
Arthritis,0,9,O
-,10,11,O
septic,12,18,O
Arthrocentesis,0,14,O
Arthroscopy,0,11,O
Asbestosis,0,10,O
Ascites,0,7,O
Asperger,0,8,O
syndrome,9,17,O
Aspergillus,0,11,O
species,12,19,O
Aspermia,0,8,O
Asphyxia,0,8,O
Aspiration,0,10,O
Asplenia,0,8,O
Asthma,0,6,O
Asthma,0,6,O
-,7,8,O
mild,9,13,O
intermittent,14,26,O
Asthma,0,6,O
-,7,8,O
mild,9,13,O
persistent,14,24,O
Asthma,0,6,O
-,7,8,O
moderate,9,17,O
persistent,18,28,O
Asthma,0,6,O
-,7,8,O
severe,9,15,O
persistent,16,26,O
Astigmatism,0,11,O
Astrocytoma,0,11,O
Asymmetric,0,10,O
septal,11,17,O
hypertrophy,18,29,O
Ataxia,0,6,O
Atelectasis,0,11,O
Atelectasis,0,11,O
-,12,13,O
subsegmental,14,26,O
Atopic,0,6,O
dermatitis,7,17,O
Atransferrinemia,0,16,O
Atrial,0,6,O
fibrillation,7,19,O
Atrial,0,6,O
flutter,7,14,O
Atrial,0,6,O
myxoma,7,13,O
Atrial,0,6,O
septal,7,13,O
defect,14,20,O
Atrial,0,6,O
tachycardia,7,18,O
-,19,20,O
paroxysmal,21,31,O
with,32,36,O
av,37,39,O
block,40,45,O
Atrophic,0,8,O
gastritis,9,18,O
Atten,0,5,O
deficit,6,13,O
hyperactivity,14,27,O
disorder,28,36,O
Augmentation,0,12,O
mammoplasty,13,24,O
Augmentation,0,12,O
of,13,15,O
buttock,16,23,O
Autism,0,6,O
Autosomal,0,9,O
dominant,10,18,O
polycystic,19,29,O
kidney,30,36,O
disease,37,44,O
Avascular,0,9,O
necrosis,10,18,O
Babesiosis,0,10,O
Back,0,4,O
pain,5,9,O
Back,0,4,O
strain,5,11,O
Bacteremia,0,10,O
Bacteriuria,0,11,O
Baker's,0,7,O
cyst,8,12,O
Balanitis,0,9,O
Barrett's,0,9,O
esophagus,10,19,O
Bartholin's,0,11,O
gland,12,17,O
cyst,18,22,O
Bartonellosis,0,13,O
Bartter,0,7,O
syndrome,8,16,O
Basal,0,5,O
cell,6,10,O
cancer,11,17,O
Basal,0,5,O
ganglia,6,13,O
hemorrhage,14,24,O
Basophilic,0,10,O
adenoma,11,18,O
Battered,0,8,O
person,9,15,O
Becker,0,6,O
muscular,7,15,O
dystrophy,16,25,O
Behavior,0,8,O
problem,9,16,O
Behcet's,0,8,O
syndrome,9,17,O
Belching,0,8,O
Bells,0,5,O
palsy,6,11,O
Below,0,5,O
knee,6,10,O
amputation,11,21,O
Benign,0,6,O
prostatic,7,16,SYMPTOM
hypertrophy,17,28,SYMPTOM
Berry,0,5,O
aneurysm,6,14,O
Berylliosis,0,11,O
Beta,0,4,O
thalassemia,5,16,O
Bezoar,0,6,O
Biceps,0,6,O
tendon,7,13,O
rupture,14,21,O
Bidirectional,0,13,O
Glenn,14,19,O
shunt,20,25,O
Bile,0,4,O
duct,5,9,O
adenocarcinoma,10,24,O
Bile,0,4,O
ducts,5,10,O
-,11,12,O
dilated,13,20,O
Bile,0,4,O
reflux,5,11,O
Bile,0,4,O
stasis,5,11,O
Biliary,0,7,O
colic,8,13,O
Biliary,0,7,O
disorder,8,16,O
Biliary,0,7,O
fistula,8,15,O
Biliary,0,7,O
obstruction,8,19,O
Biliary,0,7,O
surgery,8,15,O
Billroth,0,8,O
I,9,10,O
gastrectomy,11,22,O
Billroth,0,8,O
II,9,11,O
gastrectomy,12,23,O
Binge,0,5,O
eating,6,12,O
Bioprosthetic,0,13,O
heart,14,19,O
valve,20,25,O
Biopsy,0,6,O
Bipolar,0,7,O
disorder,8,16,O
Bipolar,0,7,O
disorder,8,16,O
-,17,18,O
depressed,19,28,O
phase,29,34,O
Bipolar,0,7,O
disorder,8,16,O
-,17,18,O
manic,19,24,O
phase,25,30,O
Bipolar,0,7,O
disorder,8,16,O
-,17,18,O
mixed,19,24,O
Birthmark,0,9,O
Black,0,5,O
hairy,6,11,O
tongue,12,18,O
Bladder,0,7,O
-,8,9,O
large,10,15,O
Bladder,0,7,O
-,8,9,O
neurogenic,10,20,O
Bladder,0,7,O
cancer,8,14,O
Bladder,0,7,O
disorder,8,16,O
Bladder,0,7,O
diverticulum,8,20,O
Bladder,0,7,O
mass,8,12,O
Bladder,0,7,O
outlet,8,14,O
obstruction,15,26,O
Bladder,0,7,O
spasm,8,13,O
Bladder,0,7,O
sphincterotomy,8,22,O
Bladder,0,7,O
stone,8,13,O
Bladder,0,7,O
suspension,8,18,O
Blastomycosis,0,13,O
Bleeding,0,8,O
disorder,9,17,O
Blepharitis,0,11,O
Blepharoconjunctivitis,0,22,O
Blepharoplasty,0,14,O
(eyelid,15,22,O
surgery),23,31,O
Blepharospasm,0,13,O
Blindness,0,9,O
Blister,0,7,O
Blood,0,5,O
group,6,11,O
A,12,13,O
positive,14,22,O
Blood,0,5,O
group,6,11,O
AB,12,14,O
positive,15,23,O
Blood,0,5,O
group,6,11,O
B,12,13,O
positive,14,22,O
Blood,0,5,O
group,6,11,O
O,12,13,O
positive,14,22,O
Blood,0,5,O
in,6,8,O
ear,9,12,O
canal,13,18,O
Blood,0,5,O
loss,6,10,O
Blount's,0,8,O
disease,9,16,O
Blue,0,4,O
nevus,5,10,O
Blue,0,4,O
nevus,5,10,O
-,11,12,O
cellular,13,21,O
Blue,0,4,O
nevus,5,10,O
-,11,12,O
common,13,19,O
Blushing,0,8,O
Bone,0,4,O
cyst,5,9,O
Bone,0,4,O
disease,5,12,O
-,13,14,O
aluminum,15,23,O
related,24,31,O
Bone,0,4,O
disease,5,12,O
-,13,14,O
metabolic,15,24,O
Bone,0,4,O
disorder,5,13,O
Bone,0,4,O
graft,5,10,O
Bone,0,4,O
marrow,5,11,O
biopsy,12,18,O
Bone,0,4,O
marrow,5,11,O
failure,12,19,O
Bone,0,4,O
marrow,5,11,O
toxicity,12,20,O
Bone,0,4,O
marrow,5,11,O
transplant,12,22,O
(BMT),23,28,O
Bone,0,4,O
metastases,5,15,O
Bone,0,4,O
pain,5,9,O
Bone,0,4,O
surgery,5,12,O
Bone,0,4,O
tumor,5,10,O
-,11,12,O
benign,13,19,O
Borderline,0,10,O
personality,11,22,O
disorder,23,31,O
Botulism,0,8,O
Bowel,0,5,O
habits,6,12,O
-,13,14,O
altered,15,22,O
Bowel,0,5,O
revision,6,14,O
Bowen's,0,7,O
disease,8,15,O
Bradycardia,0,11,O
Brain,0,5,O
abscess,6,13,O
Brain,0,5,O
aneurysm,6,14,O
repair,15,21,O
Brain,0,5,O
aneurysm,6,14,O
repair,15,21,O
with,22,26,O
clips,27,32,O
Brain,0,5,O
aneurysm,6,14,O
repair,15,21,O
with,22,26,O
coil,27,31,O
embolization,32,44,O
Brain,0,5,O
malignancy,6,16,O
Brain,0,5,O
stem,6,10,O
disease,11,18,O
Brain,0,5,O
tumor,6,11,O
Brainstem,0,9,O
hemorrhage,10,20,O
Branchial,0,9,O
cleft,10,15,O
cyst,16,20,O
Breast,0,6,O
abscess,7,14,O
Breast,0,6,O
biopsy,7,13,O
Breast,0,6,O
calcification,7,20,O
Breast,0,6,O
cancer,7,13,O
Breast,0,6,O
cyst,7,11,O
Breast,0,6,O
discharge,7,16,O
Breast,0,6,O
disease,7,14,O
-,15,16,O
fibrocystic,17,28,O
Breast,0,6,O
disorder,7,15,O
Breast,0,6,O
implant,7,14,O
Breast,0,6,O
lumpectomy,7,17,O
Breast,0,6,O
mass,7,11,O
Breast,0,6,O
pain,7,11,O
Breast,0,6,O
surgery,7,14,O
Breast,0,6,O
tender,7,13,O
Breast,0,6,O
ulcer,7,12,O
Brenner,0,7,O
tumor,8,13,O
-,14,15,O
benign,16,22,O
Brenner,0,7,O
tumor,8,13,O
-,14,15,O
malignant,16,25,O
Bromhidrosis,0,12,O
Bronchial,0,9,O
bleeding,10,18,O
Bronchial,0,9,O
obstruction,10,21,O
Bronchiectasis,0,14,O
Bronchiolitis,0,13,O
Bronchitis,0,10,O
Bronchitis,0,10,O
-,11,12,O
acute,13,18,O
Bronchitis,0,10,O
-,11,12,O
chronic,13,20,O
Bronchopulmonary,0,16,O
dysplasia,17,26,O
Brow,0,4,O
lift,5,9,O
Bruit,0,5,O
Bruit,0,5,O
-,6,7,O
femoral,8,15,O
Buccal,0,6,O
cavity,7,13,O
disease,14,21,O
Bulimia,0,7,O
Bullous,0,7,O
pemphigoid,8,18,O
Bunion,0,6,O
Burkitt's,0,9,O
tumor,10,15,O
Burn,0,4,O
Burn,0,4,O
-,5,6,O
chemical,7,15,O
Bursitis,0,8,O
C1,0,2,O
ring,3,7,O
fracture,8,16,O
C6,0,2,O
radiculopathy,3,16,O
C7,0,2,O
radiculopathy,3,16,O
CMV,0,3,O
retinitis,4,13,O
Cachexia,0,8,O
Café,0,4,O
au,5,7,O
lait,8,12,O
spot,13,17,O
Calcaneal,0,9,O
spur,10,14,O
Calcaneus,0,9,O
fracture,10,18,O
Calcinosis,0,10,O
cutis,11,16,O
Calf,0,4,O
pain,5,9,O
Callus,0,6,O
Candidiasis,0,11,O
Capsulitis,0,10,O
-,11,12,O
adhesive,13,21,O
Carbon,0,6,O
monoxide,7,15,O
toxicity,16,24,O
Carbuncle,0,9,O
Carcinoid,0,9,O
syndrome,10,18,O
Carcinoid,0,9,O
tumor,10,15,O
Carcinoid,0,9,O
tumor,10,15,O
-,16,17,O
malignant,18,27,O
Carcinoma,0,9,O
-,10,11,O
Sertoli,12,19,O
cell,20,24,O
Carcinoma,0,9,O
-,10,11,O
adenoid,12,19,O
cystic,20,26,O
Carcinoma,0,9,O
-,10,11,O
cloacogenic,12,23,O
Carcinoma,0,9,O
-,10,11,O
giant,12,17,O
cell,18,22,O
Carcinoma,0,9,O
-,10,11,O
metastatic,12,22,O
Carcinoma,0,9,O
-,10,11,O
non-small,12,21,O
cell,22,26,O
type,27,31,O
Carcinoma,0,9,O
-,10,11,O
pseudosarcomatous,12,29,O
Carcinoma,0,9,O
-,10,11,O
verrucous,12,21,O
Cardiac,0,7,O
arrest,8,14,O
Cardiac,0,7,O
injury,8,14,O
Cardiac,0,7,O
myxoma,8,14,O
Cardiac,0,7,O
pacemaker,8,17,O
Cardiac,0,7,O
prosthesis,8,18,O
-,19,20,O
infected,21,29,O
Cardiac,0,7,O
surgery,8,15,O
Cardiac,0,7,O
valve,8,13,O
replacement,14,25,O
Cardiomegaly,0,12,O
Cardiomyopathy,0,14,O
Cardiomyopathy,0,14,O
-,15,16,O
ischemic,17,25,O
Cardiopulmonary,0,15,O
resuscitation,16,29,O
(CPR),30,35,O
Cardiovascular,0,14,O
disease,15,22,O
-,23,24,O
hypertensive,25,37,O
Cardiovascular,0,14,O
disorder,15,23,O
Carious,0,7,O
teeth,8,13,O
Carotid,0,7,O
artery,8,14,O
disease,15,22,O
Carotid,0,7,O
bruit,8,13,O
Carotid,0,7,O
endarterectomy,8,22,O
Carpal,0,6,O
tunnel,7,13,O
release,14,21,O
Carpal,0,6,O
tunnel,7,13,O
syndrome,14,22,O
Cartilage,0,9,O
disorder,10,18,O
Castration,0,10,O
Cat,0,3,O
scratch,4,11,O
disease,12,19,O
Cataract,0,8,O
Cataract,0,8,O
-,9,10,O
infantile,11,20,O
Cataract,0,8,O
-,9,10,O
senile,11,17,O
Cataract,0,8,O
-,9,10,O
traumatic,11,20,O
Cataract,0,8,O
extraction,9,19,O
and,20,23,O
insertion,24,33,O
of,34,36,O
intraocular,37,48,O
lens,49,53,O
Cataract,0,8,O
surgery,9,16,O
Cauda,0,5,O
equina,6,12,O
tumor,13,18,O
Cavernous,0,9,O
hemangioma,10,20,O
Cellulitis,0,10,O
Central,0,7,O
nervous,8,15,O
system,16,22,O
bleeding,23,31,O
Central,0,7,O
nervous,8,15,O
system,16,22,O
disorder,23,31,O
Central,0,7,O
nervous,8,15,O
system,16,22,O
shunt,23,28,O
Central,0,7,O
nervous,8,15,O
system,16,22,O
shunt,23,28,O
infection,29,38,O
Central,0,7,O
nervous,8,15,O
system,16,22,O
shunt,23,28,O
malfunction,29,40,O
Cephalohematoma,0,15,O
Cerebellar,0,10,O
atrophy,11,18,O
Cerebellar,0,10,O
degeneration,11,23,O
Cerebellar,0,10,O
hemorrhage,11,21,O
Cerebral,0,8,O
atrophy,9,16,O
Cerebral,0,8,O
contusion,9,18,O
Cerebral,0,8,O
edema,9,14,O
Cerebral,0,8,O
mass,9,13,O
Cerebral,0,8,O
palsy,9,14,O
Cerebrospinal,0,13,O
fluid,14,19,O
leak,20,24,O
Cerebrospinal,0,13,O
fluid,14,19,O
protein,20,27,O
-,28,29,O
high,30,34,O
Cerebrovascular,0,15,O
disease,16,23,O
Cerumen,0,7,O
impaction,8,17,O
Cervical,0,8,O
adenitis,9,17,O
Cervical,0,8,O
cancer,9,15,O
Cervical,0,8,O
dysplasia,9,18,O
Cervical,0,8,O
polyp,9,14,O
Cervical,0,8,O
root,9,13,O
compression,14,25,O
Cervical,0,8,O
spondylosis,9,20,O
Cervical,0,8,O
sprain,9,15,O
Cervical,0,8,O
vertebra,9,17,O
fracture,18,26,O
Cervical,0,8,O
vertebral,9,18,O
subluxation,19,30,O
Cervicitis,0,10,O
Cervix,0,6,O
disorder,7,15,O
Cervix,0,6,O
incompetent,7,18,O
Cesarean,0,8,O
section,9,16,O
Chagas,0,6,O
disease,7,14,O
Chalasia,0,8,O
Chalazion,0,9,O
Chancroid,0,9,O
Cheek,0,5,O
augmentation,6,18,O
(cheek,19,25,O
implant),26,34,O
Cheek,0,5,O
lift,6,10,O
Cheilitis,0,9,O
-,10,11,O
actinic,12,19,O
Cheilitis,0,9,O
-,10,11,O
acute,12,17,O
Cheilitis,0,9,O
-,10,11,O
chronic,12,19,O
Cheilosis,0,9,O
Chemexfoliation,0,15,O
of,16,18,O
face,19,23,O
Chest,0,5,O
discomfort,6,16,O
Chest,0,5,O
pain,6,10,O
Chest,0,5,O
trauma,6,12,O
Cheyne-Stokes,0,13,O
respiration,14,25,O
Chilblains,0,10,O
Child,0,5,O
abuse,6,11,O
Chin,0,4,O
augmentation,5,17,O
(chin,18,23,O
implant),24,32,O
Chlamydia,0,9,O
infect,10,16,O
Chlamydia,0,9,O
pneumonia,10,19,O
Choking,0,7,O
Cholangitis,0,11,O
Cholangits,0,10,O
sclerosing,11,21,O
Cholecystectomy,0,15,O
Cholecystectomy,0,15,O
-,16,17,O
laparoscopic,18,30,O
Cholecystitis,0,13,O
Cholelithiasis,0,14,O
Cholesteatoma,0,13,O
Cholesterolosis,0,15,O
Chondroblastoma,0,15,O
Chondroblastoma,0,15,O
-,16,17,O
malignant,18,27,O
Chondrodermatitis,0,17,O
Chondromalacia,0,14,O
Chondrosarcoma,0,14,O
Chordoma,0,8,O
Chorea,0,6,O
Chorioamnionitis,0,16,O
Choriocarcinoma,0,15,O
Chorioretinitis,0,15,O
Choroid,0,7,O
plexus,8,14,O
papilloma,15,24,O
Chromomycosis,0,13,O
Chromophobe,0,11,O
adenocarcinoma,12,26,O
Chromosomal,0,11,O
disorder,12,20,O
Chronic,0,7,O
fatigue,8,15,O
syndrome,16,24,O
Chronic,0,7,O
glomerulonephritis,8,26,O
unspecified,27,38,O
Chronic,0,7,O
granulomatous,8,21,O
disease,22,29,O
Chronic,0,7,O
infection,8,17,O
Chronic,0,7,O
membranoproliferative,8,29,O
glomerulonephritis,30,48,O
Chronic,0,7,O
myelocytic,8,18,O
leukemia,19,27,O
Chronic,0,7,O
obstructive,8,19,O
pulmonary,20,29,O
disease,30,37,O
Chronic,0,7,O
obstructive,8,19,O
pulmonary,20,29,O
disease,30,37,O
exacerbation,38,50,O
Chronic,0,7,O
passive,8,15,O
congestion,16,26,O
Cicatricial,0,11,O
pemphigoid,12,22,O
Cigarette,0,9,O
smoker,10,16,O
Circumcision,0,12,O
Cirrhosis,0,9,O
-,10,11,O
biliary,12,19,O
Cirrhosis,0,9,O
-,10,11,O
micronodular,12,24,O
Claudication,0,12,O
Claustrophobia,0,14,O
Clavicle,0,8,O
fracture,9,17,O
Cleft,0,5,O
lip,6,9,O
Cleft,0,5,O
lip,6,9,O
and/or,10,16,O
palate,17,23,O
repair,24,30,O
Cleft,0,5,O
lip/pal,6,13,O
surgery,14,21,O
Cleft,0,5,O
palate,6,12,O
Clostridium,0,11,O
difficile,12,21,O
(C.,22,25,O
diff),26,31,O
colitis,32,39,O
Club,0,4,O
foot,5,9,O
Coagulopathy,0,12,O
Cocaine,0,7,O
abuse,8,13,O
Cocaine,0,7,O
abuse,8,13,O
-,14,15,O
episodic,16,24,O
Coccidiomycosis,0,15,O
Coccyx/sacrum,0,13,O
fracture,14,22,O
Cochlear,0,8,O
implant,9,16,O
Coin,0,4,O
lesion,5,11,O
Cold,0,4,O
intolerance,5,16,O
Colectomy,0,9,O
Colic,0,5,O
-,6,7,O
infantile,8,17,O
Colitis,0,7,O
Colitis,0,7,O
-,8,9,O
amebic,10,16,O
Colitis,0,7,O
-,8,9,O
ischemic,10,18,O
Colitis,0,7,O
-,8,9,O
ulcerative,10,20,O
Collagen,0,8,O
injection,9,18,O
Coloboma,0,8,O
Colon,0,5,O
cancer,6,12,O
screening,13,22,O
Colon,0,5,O
diverticulitis,6,20,O
Colon,0,5,O
diverticulosis,6,20,O
Colon,0,5,O
obstruction,6,17,O
Colon,0,5,O
polyp,6,11,O
Colon,0,5,O
stricture,6,15,O
Colon,0,5,O
surgery,6,13,O
Colonic,0,7,O
volvulus,8,16,SYMPTOM
Color,0,5,O
blindness,6,15,O
Colorectal,0,10,O
cancer,11,17,O
Colostomy,0,9,O
Coma,0,4,O
Coma,0,4,O
-,5,6,O
hyperosmolar,7,19,O
nonketotic,20,30,O
(HONK),31,37,O
Comedo,0,6,O
Comedocarcinoma,0,15,O
Common,0,6,O
cold,7,11,O
Common,0,6,O
duct,7,11,O
stone,12,17,O
Compartment,0,11,O
syndrome,12,20,O
Compression,0,11,O
fracture,12,20,O
Concussion,0,10,O
Condyloma,0,9,O
acuminata,10,19,O
Condyloma,0,9,O
latum,10,15,O
Confusion,0,9,O
Congenital,0,10,O
adrenal,11,18,O
hyperplasia,19,30,O
(CAH),31,36,O
Congenital,0,10,O
heart,11,16,O
disease,17,24,O
surgery,25,32,O
Congenital,0,10,O
lacrimal,11,19,O
obstruction,20,31,O
probe,32,37,O
(tear,38,43,O
duct,44,48,O
probe),49,55,O
Congestive,0,10,O
heart,11,16,O
failure,17,24,O
Conjunctiva,0,11,O
-,12,13,O
red,14,17,O
Conjunctival,0,12,O
hemorrhage,13,23,O
Conjunctivitis,0,14,O
Conjunctivitis,0,14,O
-,15,16,O
acute,17,22,O
Conjunctivitis,0,14,O
-,15,16,O
allergic,17,25,O
Conjunctivitis,0,14,O
-,15,16,O
bacterial,17,26,O
Conjunctivitis,0,14,O
-,15,16,O
chronic,17,24,O
Connective,0,10,O
tissue,11,17,O
disease,18,25,O
Constipation,0,12,O
Contact,0,7,O
lens,8,12,O
problem,13,20,O
Contracture,0,11,O
Contusion,0,9,O
Copper,0,6,O
deficiency,7,17,O
Cor,0,3,O
pulmonale,4,13,O
Corneal,0,7,O
abrasions,8,17,O
Corneal,0,7,O
erosion,8,15,O
Corneal,0,7,O
ulcer,8,13,O
Coronary,0,8,O
artery,9,15,O
angioplasty/stenting,16,36,O
Coronary,0,8,O
artery,9,15,O
disease,16,23,O
Coronary,0,8,O
bypass,9,15,O
Cosmetic,0,8,O
surgery,9,16,O
Costochondritis,0,15,O
Costovertebral,0,14,O
angle,15,20,O
pain,21,25,O
Costovertebral,0,14,O
angle,15,20,O
tenderness,21,31,O
Cough,0,5,O
Cradle,0,6,O
cap,7,10,O
Craniopharyngioma,0,17,O
Craniosynostosis,0,16,O
Craniotomy,0,10,O
Creeping,0,8,O
eruption,9,17,O
Creutzfeldt-Jakob,0,17,O
disease,18,25,O
Crohns,0,6,O
disease,7,14,O
Croup,0,5,O
Cruciate,0,8,O
ligament,9,17,O
tear,18,22,O
Crying,0,6,O
spells,7,13,O
Cryoglobulinemia,0,16,O
Cryptosporidium,0,15,O
Cushing's,0,9,O
disease,10,17,O
Cutaneous,0,9,O
B,10,11,O
cell,12,16,O
lymphoma,17,25,O
Cutaneous,0,9,O
horn,10,14,O
Cutaneous,0,9,O
lupus,10,15,O
erythematosus,16,29,O
-,30,31,O
subacute,32,40,O
Cutaneous,0,9,O
vasculitis,10,20,O
-,21,22,O
allergic,23,31,O
CyberKnife,0,10,O
radiosurgery,11,23,O
Cystadenocarcinoma,0,18,O
Cystadenoma,0,11,O
Cystectomy,0,10,O
Cystic,0,6,O
duct,7,11,O
stone,12,17,O
Cystic,0,6,O
fibrosis,7,15,O
Cystic,0,6,O
lymphangioma,7,19,O
Cysticercosis,0,13,O
Cystinuria,0,10,O
Cystitis,0,8,O
Cystitis,0,8,O
glandularis,9,20,O
Cystitis,0,8,O
glandularis,9,20,O
Cysto,0,5,O
Ureteral,6,14,O
Reflux,15,21,O
Cystocele,0,9,O
Cystosarcoma,0,12,O
phyllodes,13,22,O
Cystostomy,0,10,O
-,11,12,O
suprapubic,13,23,O
Cytomegalovirus,0,15,O
infection,16,25,O
Dacryocystitis,0,14,O
Darier-White,0,12,O
disease,13,20,O
Deafness,0,8,O
-,9,10,O
bone,11,15,O
Deafness,0,8,O
-,9,10,O
nerve,11,16,O
Decubitus,0,9,O
surgery,10,17,O
Decubitus,0,9,O
ulcer,10,15,O
Deep,0,4,O
vein,5,9,O
thrombosis,10,20,O
Delirium,0,8,O
-,9,10,O
acute,11,16,O
Delirium,0,8,O
tremens,9,16,O
Dementia,0,8,O
Dementia,0,8,O
-,9,10,O
alcohol-associated,11,29,O
Dementia,0,8,O
-,9,10,O
dialysis,11,19,O
Dementia,0,8,O
-,9,10,O
multi-infarction,11,27,O
Denervation,0,11,O
Dengue,0,6,SYMPTOM
fever,7,12,SYMPTOM
Dental/mouth,0,12,O
abnormality,13,24,O
Dental/mouth,0,12,O
disorder,13,21,O
Dental/mouth,0,12,O
surgery,13,20,O
Depression,0,10,O
Depressive,0,10,O
disorder,11,19,O
-,20,21,O
atypical,22,30,O
Dermal,0,6,O
sinus,7,12,O
tract,13,18,O
Dermatitis,0,10,O
Dermatitis,0,10,O
-,11,12,O
chronic,13,20,O
Dermatitis,0,10,O
-,11,12,O
contact,13,20,O
Dermatitis,0,10,O
-,11,12,O
exfoliative,13,24,O
Dermatitis,0,10,O
-,11,12,O
radiation,13,22,O
Dermatitis,0,10,O
-,11,12,O
seborrheic,13,23,O
Dermatitis,0,10,O
-,11,12,O
stasis,13,19,O
Dermatitis,0,10,O
herpetiformis,11,24,O
Dermatofibroma,0,14,O
Dermatofibrosarcoma,0,19,O
Dermatographism,0,15,O
Dermatomyositis,0,15,O
Dermatophytosis,0,15,O
Dermatosis,0,10,O
-,11,12,O
pigmented,13,22,O
purpuric,23,31,O
Dermatosis,0,10,O
papulosa,11,19,O
nigra,20,25,O
Dermoid,0,7,O
cyst,8,12,O
Descending,0,10,O
perineum,11,19,O
syndrome,20,28,O
Desmoid,0,7,O
Developmental,0,13,O
delay,14,19,O
Dextrocardia,0,12,O
Di,0,2,O
Guglielmo's,3,14,O
syndrome,15,23,O
Diabetes,0,8,O
-,9,10,O
gestational,11,22,O
Diabetes,0,8,O
insipidus,9,18,SYMPTOM
Diabetes,0,8,O
mellitus,9,17,O
Diabetes,0,8,O
mellitus,9,17,O
-,18,19,O
insulin,20,27,O
dependent,28,37,O
Diabetes,0,8,O
mellitus,9,17,O
-,18,19,O
non,20,23,O
insulin,24,31,O
dependent,32,41,O
Diabetic,0,8,O
enteropathy,9,20,O
Diabetic,0,8,O
ketoacidosis,9,21,O
Diabetic,0,8,O
nephropathy,9,20,O
-,21,22,O
adult,23,28,O
controlled,29,39,O
Diabetic,0,8,O
nephropathy,9,20,O
-,21,22,O
adult,23,28,O
uncontrolled,29,41,O
Diabetic,0,8,O
nephropathy,9,20,O
-,21,22,O
juvenile,23,31,O
controlled,32,42,O
Diabetic,0,8,O
nephropathy,9,20,O
-,21,22,O
juvenile,23,31,O
uncontrolled,32,44,O
Diabetic,0,8,O
retinopathy,9,20,O
-,21,22,O
pre-proliferative,23,40,O
Dialysis,0,8,O
status,9,15,O
Diaper,0,6,O
rash,7,11,O
Diaphragm,0,9,O
surgery,10,17,O
Diarrhea,0,8,O
Difficulty,0,10,O
walking,11,18,O
Dilitation,0,10,O
and,11,14,O
curettage,15,24,O
Diplopia,0,8,O
Disabled,0,8,O
Disaccharidase,0,14,O
deficiency,15,25,O
Diskectomy,0,10,O
Diskitis,0,8,O
Disseminated,0,12,O
intravascular,13,26,O
coagulation,27,38,O
Diverticulum,0,12,O
Dizziness,0,9,O
Dog,0,3,O
bite,4,8,O
Down,0,4,O
syndrome,5,13,O
Dressler's,0,10,O
syndrome,11,19,O
Dribbling,0,9,O
of,10,12,O
urine,13,18,O
Drug,0,4,O
abuse,5,10,O
-,11,12,O
IV,13,15,O
Drug,0,4,O
abuse,5,10,O
-,11,12,O
mixed,13,18,O
Drug,0,4,O
addiction,5,14,O
Drug,0,4,O
eruption,5,13,O
-,14,15,O
fixed,16,21,O
Drug,0,4,O
overdose,5,13,O
Dry,0,3,O
eye,4,7,O
syndrome,8,16,O
Dry,0,3,O
gangrene,4,12,O
Duchenne,0,8,O
muscular,9,17,O
dystrophy,18,27,O
(DMD),28,33,O
Ductal,0,6,O
carcinoma,7,16,O
Duodenal,0,8,O
bulb,9,13,O
deformed,14,22,O
Duodenal,0,8,O
diverticulum,9,21,O
Duodenal,0,8,O
obstruction,9,20,O
Duodenal,0,8,O
perforation,9,20,O
Duodenal,0,8,O
repair,9,15,O
Duodenal,0,8,O
surgery,9,16,O
Duodenal,0,8,O
trauma,9,15,O
repair,16,22,O
Duodenal,0,8,O
ulcer,9,14,O
Duodenal,0,8,O
ulcer,9,14,O
repair,15,21,O
Duodenitis,0,10,O
Duplicated,0,10,O
urinary,11,18,O
tract,19,24,O
Dysarthria,0,10,O
Dyschromia,0,10,O
Dyskeratosis,0,12,O
Dyslexia,0,8,O
Dysmenorrhea,0,12,O
Dyspareunia,0,11,O
Dyspepsia,0,9,O
Dysphagia,0,9,O
Dysphasia,0,9,O
Dyspnea,0,7,O
Dyspraxia,0,9,O
Dysthymia,0,9,O
Dystonia,0,8,O
Dysuria,0,7,O
Ear,0,3,O
disorder,4,12,O
Ear,0,3,O
foreign,4,11,O
body,12,16,O
Ear,0,3,O
pain,4,8,O
Early,0,5,O
satiety,6,13,O
Ecchymosis,0,10,O
Echinococcosis,0,14,O
Eclampsia,0,9,O
Eclampsia,0,9,O
-,10,11,O
postpartum,12,22,O
Ecthyma,0,7,O
Ectodermal,0,10,O
dysplasia,11,20,O
Ectropion,0,9,O
Eczema,0,6,O
Eczema,0,6,O
-,7,8,O
dyshidrotic,9,20,O
Eczema,0,6,O
-,7,8,O
nummular,9,17,O
Edema,0,5,O
Edema,0,5,O
peripheral,6,16,O
Ehlers-Danlos,0,13,O
syndrome,14,22,O
Elastosis,0,9,O
Elbow,0,5,O
dislocation,6,17,O
Elbow,0,5,O
fracture,6,14,O
Elbow,0,5,O
pain,6,10,O
Elbow,0,5,O
sprain,6,12,O
Elbow,0,5,O
strain,6,12,O
Embolism,0,8,O
-,9,10,O
amniotic,11,19,O
fluid,20,25,O
Embolism,0,8,O
-,9,10,O
fat,11,14,O
Embolism,0,8,O
-,9,10,O
peripheral,11,21,O
Embolism,0,8,O
-,9,10,O
septic,11,17,O
Embolism,0,8,O
-,9,10,O
tumor,11,16,O
Embryonal,0,9,O
rhabdomyosarcoma,10,26,O
Emotional,0,9,O
disorder,10,18,O
Emphysema,0,9,O
Empty,0,5,O
sella,6,11,O
syndrome,12,20,O
Empyema,0,7,O
Encephalitis,0,12,O
Encephalocele,0,13,O
Encephalomalacia,0,16,O
Encephalopathy,0,14,O
Encephalopathy,0,14,O
-,15,16,O
anoxic,17,23,O
Encephalopathy,0,14,O
-,15,16,O
hypertensive,17,29,O
Encephalopathy,0,14,O
-,15,16,O
metabolic,17,26,O
Endarterectomy,0,14,O
Endocarditis,0,12,O
-,13,14,O
bacterial,15,24,O
Endocarditis,0,12,O
-,13,14,O
subacute,15,23,O
bacterial,24,33,O
Endocrine,0,9,O
surgery,10,17,O
Endodermal,0,10,O
sinus,11,16,O
tumor,17,22,O
Endometrial,0,11,O
polyp,12,17,O
Endometrioid,0,12,O
carcinoma,13,22,O
Endometriosis,0,13,O
Endometritis,0,12,O
Endoscopic,0,10,O
retrograde,11,21,O
cholangiopancreatography,22,46,SYMPTOM
Entropion,0,9,O
Enucleation,0,11,O
Enuresis,0,8,O
Enzyme,0,6,O
deficiency,7,17,O
Eosinophilia,0,12,O
Ependymoma,0,10,O
Ephelis,0,7,O
Epicondylitis,0,13,O
Epidermal,0,9,O
inclusion,10,19,O
cyst,20,24,O
Epididymitis,0,12,O
Epidural,0,8,O
hematoma,9,17,O
Epigastric,0,10,O
pain,11,15,O
Epiglottitis,0,12,O
Epilepsy,0,8,O
Epistaxis,0,9,O
Epithelial,0,10,O
inclusion,11,20,O
cyst,21,25,O
Epstein-Barr,0,12,O
virus,13,18,O
(EBV),19,24,O
serostatus,25,35,O
positive,36,44,O
Erectile,0,8,O
dysfunction,9,20,O
Erysipelas,0,10,O
Erythema,0,8,O
Erythema,0,8,O
annulare,9,17,O
centrifigum,18,29,O
Erythema,0,8,O
infectiosum,9,20,O
Erythema,0,8,O
migrans,9,16,O
Erythema,0,8,O
multiforme,9,19,O
Erythema,0,8,O
nodosum,9,16,O
Erythema,0,8,O
toxicum,9,16,O
Erythrasma,0,10,O
Erythroblastosis,0,16,O
fetalis,17,24,O
Erythrocytosis,0,14,O
Erythroderma,0,12,O
Esophageal,0,10,O
atresia,11,18,O
Esophageal,0,10,O
cancer,11,17,O
Esophageal,0,10,O
disorder,11,19,O
Esophageal,0,10,O
diverticulum,11,23,O
Esophageal,0,10,O
dysphagia,11,20,O
Esophageal,0,10,O
perforation,11,22,O
Esophageal,0,10,O
reflux,11,17,O
Esophageal,0,10,O
spasm,11,16,O
Esophageal,0,10,O
stenosis,11,19,O
Esophageal,0,10,O
stricture,11,20,O
Esophageal,0,10,O
surgery,11,18,O
Esophageal,0,10,O
ulcer,11,16,O
Esophageal,0,10,O
varices,11,18,O
Esophageal,0,10,O
web,11,14,O
Esophagitis,0,11,O
Esophagus,0,9,O
dilation,10,18,O
Esotropia,0,9,O
Esotropia,0,9,O
-,10,11,O
intermittent,12,24,O
Estrogens,0,9,O
-,10,11,O
elevated,12,20,O
Ethanol,0,7,O
withdrawal,8,18,O
Eustachian,0,10,O
tube,11,15,O
dysfunction,16,27,O
Eventration,0,11,O
-,12,13,O
diaphragmatic,14,27,O
Ewing's,0,7,O
sarcoma,8,15,O
Excoriation,0,11,O
Excoriation,0,11,O
-,12,13,O
neurotic,14,22,O
Exhaustion,0,10,O
-,11,12,O
heat,13,17,O
Exophthalmos,0,12,O
Exostosis,0,9,O
Exotropia,0,9,O
Exotropia,0,9,O
-,10,11,O
intermittent,12,24,O
External,0,8,O
fixation,9,17,O
Extracapsular,0,13,O
cataract,14,22,O
extraction,23,33,O
Extraocular,0,11,O
muscle,12,18,O
palsy,19,24,O
Extremity,0,9,O
plastic,10,17,O
surgery,18,25,O
Extremity,0,9,O
ulcer,10,15,O
Eye,0,3,O
burning,4,11,O
Eye,0,3,O
discharge,4,13,O
Eye,0,3,O
disorder,4,12,O
Eye,0,3,O
foreign,4,11,O
body,12,16,O
Eye,0,3,O
injury,4,10,O
Eye,0,3,O
pain,4,8,O
Eyelid,0,6,O
problem,7,14,O
Facial,0,6,O
bone,7,11,O
fracture,12,20,O
Factor,0,6,O
X,7,8,O
deficiency,9,19,O
Factor,0,6,O
XII,7,10,O
deficiency,11,21,O
Failure,0,7,O
to,8,10,O
thrive,11,17,O
Fallopian,0,9,O
tube,10,14,O
cancer,15,21,O
False,0,5,O
labor,6,11,O
False,0,5,O
teeth,6,11,O
Familial,0,8,O
Mediterranean,9,22,O
fever,23,28,O
Familial,0,8,O
adenomatous,9,20,O
polyposis,21,30,O
Family,0,6,O
problem,7,14,O
Fanconi,0,7,O
syndrome,8,16,O
Fasciectomy,0,11,O
Fasciitis,0,9,O
-,10,11,O
necrotizing,12,23,O
Fasciitis,0,9,O
-,10,11,O
nodular,12,19,O
Fasciotomy,0,10,O
Fat,0,3,O
injection,4,13,O
Fatigue,0,7,O
Feces,0,5,O
-,6,7,O
abnormal,8,16,O
Feeding,0,7,O
problem,8,15,O
Felty,0,5,O
syndrome,6,14,O
Femoral,0,7,O
shaft,8,13,O
fracture,14,22,O
Femur,0,5,O
fracture,6,14,O
Femur,0,5,O
neck,6,10,O
fracture,11,19,O
Fetal,0,5,O
alcohol,6,13,O
syndrome,14,22,O
Fetal,0,5,O
demise,6,12,O
Fetal,0,5,O
distress,6,14,O
Fever,0,5,O
Fever,0,5,O
-,6,7,O
unknown,8,15,O
origin,16,22,O
(FUO),23,28,O
Fibroadenoma,0,12,O
Fibroma,0,7,O
Fibroma,0,7,O
-,8,9,O
non-ossifying,10,23,O
Fibromatosis,0,12,O
Fibromuscular,0,13,O
hyperplasia,14,25,O
Fibromyalgia,0,12,O
Fibrosarcoma,0,12,O
Fibrous,0,7,O
papule,8,14,O
Fibroxanthoma,0,13,O
Fibula,0,6,O
fracture,7,15,O
Filariasis,0,10,O
Filtering,0,9,O
bleb,10,14,O
failed,15,21,O
Filtering,0,9,O
bleb,10,14,O
revision,15,23,O
Finger,0,6,O
amputation,7,17,O
Finger,0,6,O
fracture,7,15,O
Finger,0,6,O
pain,7,11,O
Finger,0,6,O
sprain,7,13,O
Fixation,0,8,O
of,9,11,O
pendulous,12,21,O
breast,22,28,O
Flank,0,5,O
pain,6,10,O
Flat,0,4,O
feet,5,9,O
Flatulence,0,10,O
Fluid,0,5,O
and/or,6,12,O
electrolyte,13,24,O
disorder,25,33,O
Fluid,0,5,O
wave,6,10,O
Flushing,0,8,O
Follicular,0,10,O
adenocarcinoma,11,25,O
Folliculitis,0,12,O
Fontan,0,6,O
procedure,7,16,O
Foot,0,4,O
amputation,5,15,O
Foot,0,4,O
dislocation,5,16,O
Foot,0,4,O
disorder,5,13,O
Foot,0,4,O
drop,5,9,O
Foot,0,4,O
fracture,5,13,O
Foot,0,4,O
pain,5,9,O
Foot,0,4,O
polydactyly,5,16,O
Foot,0,4,O
ulcer,5,10,O
Foot,0,4,O
ulcer,5,10,O
-,11,12,O
diabetic,13,21,O
Forearm,0,7,O
fracture,8,16,O
-,17,18,O
open,19,23,O
Foreign,0,7,O
body,8,12,O
Foreign,0,7,O
body,8,12,O
-,13,14,O
nose,15,19,O
Fracture,0,8,O
repair,9,15,O
Fracture,0,8,O
repair,9,15,O
-,16,17,O
with,18,22,O
cast,23,27,O
Friedreich's,0,12,O
ataxia,13,19,O
Frostbite,0,9,O
Fructose,0,8,O
intolerance,9,20,O
Furuncle,0,8,O
Gait,0,4,O
problem,5,12,O
Galactorrhea,0,12,O
Galactosemia,0,12,O
Gallbladder,0,11,O
-,12,13,O
large,14,19,O
Gallbladder,0,11,O
cancer,12,18,O
Gallbladder,0,11,O
disorder,12,20,O
Gallbladder,0,11,O
perforation,12,23,O
Gamma,0,5,O
Knife,6,11,O
radiosurgery,12,24,O
Ganglion,0,8,O
cyst,9,13,O
Ganglioneuroblastoma,0,20,O
Gangrene,0,8,O
Gangrenous,0,10,O
gallbladder,11,22,O
Gastrectomy,0,11,O
Gastrectomy,0,11,O
-,12,13,O
subtotal,14,22,O
Gastrectomy,0,11,O
-,12,13,O
total,14,19,O
Gastric,0,7,O
cancer,8,14,O
Gastric,0,7,O
dilatation,8,18,O
Gastric,0,7,O
diverticuli,8,19,O
Gastric,0,7,O
emptying,8,16,O
-,17,18,O
delayed,19,26,O
Gastric,0,7,O
obstruction,8,19,O
Gastric,0,7,O
perforation,8,19,O
Gastric,0,7,O
polyp,8,13,O
Gastric,0,7,O
repair,8,14,O
Gastric,0,7,O
retention,8,17,O
Gastric,0,7,O
ulcer,8,13,O
Gastric,0,7,O
varices,8,15,O
Gastritis,0,9,O
Gastro-jejunostomy,0,18,O
tube,19,23,O
placement,24,33,O
Gastroenteritis,0,15,O
Gastroenterostomy,0,17,O
Gastroesophageal,0,16,O
tear,17,21,O
Gastrointestinal,0,16,O
bleeding,17,25,O
Gastrointestinal,0,16,O
disorder,17,25,O
Gastrointestinal,0,16,O
fistula,17,24,O
Gastrointestinal,0,16,O
motility,17,25,O
disorder,26,34,O
Gastrointestinal,0,16,O
perforation,17,28,O
Gastrointestinal,0,16,O
surgery,17,24,O
Gastroparesis,0,13,O
Gastroschisis,0,13,O
Gastrostomy,0,11,O
Gastrostomy,0,11,O
tube,12,16,O
placement,17,26,O
Gauchers,0,8,O
disease,9,16,O
Generalized,0,11,O
anxiety,12,19,O
disorder,20,28,O
Genital,0,7,O
anomalies,8,17,O
Genital,0,7,O
herpes,8,14,O
Genitourinary,0,13,O
disorder,14,22,O
Genitourinary,0,13,O
surgery,14,21,O
Giant,0,5,O
cell,6,10,O
arteritis,11,20,O
Giant,0,5,O
cell,6,10,O
tumor,11,16,O
of,17,19,O
bone,20,24,O
Giant,0,5,O
cell,6,10,O
tumor,11,16,O
of,17,19,O
soft,20,24,O
parts,25,30,O
Giant,0,5,O
cell,6,10,O
tumor,11,16,O
tendon,17,23,O
sheath,24,30,O
Giardia,0,7,O
lamblia,8,15,O
infection,16,25,O
Gingivitis,0,10,O
Gingivosis,0,10,O
Glaucoma,0,8,O
Glaucoma,0,8,O
-,9,10,O
chronic,11,18,O
angle,19,24,O
closure,25,32,O
Glaucoma,0,8,O
-,9,10,O
combined,11,19,O
mechanism,20,29,O
Glaucoma,0,8,O
-,9,10,O
congenital,11,21,O
Glaucoma,0,8,O
-,9,10,O
low,11,14,O
tension,15,22,O
Glaucoma,0,8,O
-,9,10,O
pigmentary,11,21,O
Glaucoma,0,8,O
-,9,10,O
primary,11,18,O
angle,19,24,O
closure,25,32,O
Glaucoma,0,8,O
-,9,10,O
primary,11,18,O
open,19,23,O
angle,24,29,O
Glaucoma,0,8,O
-,9,10,O
pseudoexfoliation,11,28,O
Glioblastoma,0,12,O
multiforme,13,23,O
Gliosis,0,7,O
Glomerulonephritis,0,18,O
(GN),19,23,O
Glomerulonephritis,0,18,O
-,19,20,O
acute,21,26,O
Glomerulonephritis,0,18,O
-,19,20,O
chronic,21,28,O
membranous,29,39,O
Glomerulonephritis,0,18,O
-,19,20,O
membranoproliferative,21,42,O
Glomerulonephritis,0,18,O
-,19,20,O
membranous,21,31,O
Glomerulonephritis,0,18,O
-,19,20,O
mesangial,21,30,O
proliferative,31,44,O
Glomerulonephritis,0,18,O
-,19,20,O
minimal,21,28,O
change,29,35,O
Glomerulonephritis,0,18,O
-,19,20,O
post-infectious,21,36,O
Glomerulonephritis,0,18,O
-,19,20,O
post-streptococcal,21,39,O
Glomerulonephritis,0,18,O
-,19,20,O
rapidly,21,28,O
progressive,29,40,O
Glomerulosclerosis,0,18,O
-,19,20,O
Focal,21,26,O
segmental,27,36,O
Glomus,0,6,O
tumor,7,12,O
Glossitis,0,9,O
Glucagonoma,0,11,O
Glucagonoma,0,11,O
-,12,13,O
malignant,14,23,O
Glucose,0,7,O
intolerance,8,19,O
Glucose-6-phosphate,0,19,O
dehydrogenase,20,33,O
(G6PD),34,40,O
deficiency,41,51,O
Glycogen,0,8,O
storage,9,16,O
disease,17,24,O
Glycosuria,0,10,O
Goiter,0,6,O
Goiter,0,6,O
-,7,8,O
multinodular,9,21,O
Gonadal,0,7,O
dysgenesis,8,18,O
Gonorrhea,0,9,O
Goodpasture's,0,13,O
syndrome,14,22,O
Gout,0,4,O
Graft,0,5,O
versus,6,12,O
host,13,17,O
reaction,18,26,O
Granular,0,8,O
cell,9,13,O
tumor,14,19,O
Granuloma,0,9,O
-,10,11,O
calcified,12,21,O
Granuloma,0,9,O
-,10,11,O
caseating,12,21,O
Granuloma,0,9,O
-,10,11,O
eosinophilic,12,24,O
Granuloma,0,9,O
-,10,11,O
inguinale,12,21,O
Granuloma,0,9,O
-,10,11,O
injection,12,21,O
Granuloma,0,9,O
-,10,11,O
necrotizing,12,23,O
Granuloma,0,9,O
-,10,11,O
non-necrotizing,12,27,O
Granuloma,0,9,O
-,10,11,O
stitch,12,18,O
Granuloma,0,9,O
annulare,10,18,O
Granuloma,0,9,O
faciale,10,17,O
Granulosa,0,9,O
cell,10,14,O
tumor,15,20,O
Graves,0,6,O
disease,7,14,O
Guillain-Barre,0,14,O
syndrome,15,23,O
Gum,0,3,O
bleeding,4,12,O
Gunshot,0,7,O
wound,8,13,O
(GSW),14,19,O
Gynecomastia,0,12,O
HELLP,0,5,O
syndrome,6,14,O
HGPRT,0,5,O
deficiency,6,16,O
HIV,0,3,O
-,4,5,O
Congenital,6,16,O
HIV,0,3,O
exposure,4,12,O
HIV,0,3,O
infection,4,13,O
HIV,0,3,O
positive,4,12,O
Hailey-Hailey,0,13,O
disease,14,21,O
Hairy,0,5,O
cell,6,10,O
leukemia,11,19,O
Halitosis,0,9,O
Hallucinations,0,14,O
Hamartoma,0,9,O
Hammer,0,6,O
toe,7,10,O
Hand,0,4,O
cellulitis,5,15,O
Hand,0,4,O
fracture,5,13,O
Hand,0,4,O
injury,5,11,O
Hand,0,4,O
pain,5,9,O
Hand,0,4,O
polydactyly,5,16,O
Hand/arm,0,8,O
surgery,9,16,O
Hartnup,0,7,O
disease,8,15,O
Hashimoto,0,9,O
thyroiditis,10,21,O
Head,0,4,O
&,5,6,O
neck,7,11,O
cancer,12,18,O
Head,0,4,O
&,5,6,O
neck,7,11,O
surgery,12,19,O
Head,0,4,O
and,5,8,O
neck,9,13,O
surgery,14,21,O
for,22,25,O
cancer,26,32,O
Head,0,4,O
injury,5,11,O
Headache,0,8,O
Headache,0,8,O
-,9,10,O
cluster,11,18,O
Headache,0,8,O
-,9,10,O
tension,11,18,O
Hearing,0,7,O
aid,8,11,O
Hearing,0,7,O
loss,8,12,O
Heart,0,5,O
defibrillator,6,19,O
(ICD),20,25,O
implant,26,33,O
Heart,0,5,O
disease,6,13,O
-,14,15,O
congenital,16,26,O
Heart,0,5,O
disease,6,13,O
-,14,15,O
rheumatic,16,25,O
Heart,0,5,O
murmur,6,12,O
Heart,0,5,O
pacemaker,6,15,O
implant,16,23,O
Heart,0,5,O
transplant,6,16,O
Heart,0,5,O
valve,6,11,O
-,12,13,O
mechanical,14,24,O
Heartburn,0,9,O
Heat,0,4,O
intolerance,5,16,O
Heat,0,4,O
stroke,5,11,O
Heavy,0,5,O
metal,6,11,O
toxicity,12,20,O
Heel,0,4,O
pain,5,9,O
Helicobacter,0,12,O
pylori,13,19,O
infection,20,29,O
Hemangioma,0,10,O
Hemangioma,0,10,O
-,11,12,O
capillary,13,22,O
Hemangiopericytoma,0,18,O
Hemangiopericytoma,0,18,O
-,19,20,O
malignant,21,30,O
Hemangiosarcoma,0,15,O
Hemarthrosis,0,12,O
Hematemesis,0,11,O
Hematochezia,0,12,O
Hematopoietic,0,13,O
stem,14,18,O
cell,19,23,O
transplant,24,34,O
Hematuria,0,9,O
Hematuria,0,9,O
-,10,11,O
gross,12,17,O
Hemiparesis,0,11,O
Hemochromatosis,0,15,O
Hemodialysis,0,12,O
Hemodialysis,0,12,O
complication,13,25,O
Hemoglobin,0,10,O
A2,11,13,O
-,14,15,O
high,16,20,O
Hemoglobinopathy,0,16,O
Hemoglobinuria,0,14,O
Hemolytic,0,9,O
uremic,10,16,O
syndrome,17,25,O
Hemophilia,0,10,O
Hemophilia,0,10,O
A,11,12,O
Hemophilia,0,10,O
B,11,12,O
Hemoptysis,0,10,O
Hemorrhoidectomy,0,16,O
Hemorrhoids,0,11,O
Hemosiderosis,0,13,O
Hemothorax,0,10,O
Henoch-Schonlein,0,16,O
purpura,17,24,O
Hepatic,0,7,O
abscess,8,15,O
Hepatic,0,7,O
adenoma,8,15,O
Hepatic,0,7,O
cancer,8,14,O
Hepatic,0,7,O
cyst,8,12,O
Hepatic,0,7,O
encephalopathy,8,22,O
Hepatic,0,7,O
failure,8,15,O
Hepatic,0,7,O
fibrosis,8,16,O
Hepatic,0,7,O
infection,8,17,O
Hepatic,0,7,O
mass,8,12,O
Hepatic,0,7,O
metastases,8,18,O
Hepatic,0,7,O
rupture,8,15,O
Hepatic,0,7,O
vein,8,12,O
obstruction,13,24,O
Hepatitis,0,9,O
Hepatitis,0,9,O
-,10,11,O
acute,12,17,O
Hepatitis,0,9,O
-,10,11,O
alcohol,12,19,O
Hepatitis,0,9,O
-,10,11,O
chronic,12,19,O
Hepatitis,0,9,O
-,10,11,O
chronic,12,19,O
active,20,26,O
Hepatitis,0,9,O
-,10,11,O
chronic,12,19,O
persistent,20,30,O
Hepatitis,0,9,O
-,10,11,O
drug,12,16,O
induced,17,24,O
Hepatitis,0,9,O
-,10,11,O
giant,12,17,O
cell,18,22,O
Hepatitis,0,9,O
-,10,11,O
neonatal,12,20,O
Hepatitis,0,9,O
A,10,11,O
Hepatitis,0,9,O
B,10,11,O
Hepatitis,0,9,O
B,10,11,O
exposure,12,20,O
Hepatitis,0,9,O
C,10,11,O
Hepatitis,0,9,O
C,10,11,O
exposure,12,20,O
Hepatitis,0,9,O
exposure,10,18,O
Hepatoblastoma,0,14,O
Hepatocellular,0,14,O
carcinoma,15,24,O
Hepatocellular,0,14,O
disease,15,22,O
-,23,24,O
diffuse,25,32,O
Hepatomegaly,0,12,O
Hepatorenal,0,11,O
syndrome,12,20,O
Hernia,0,6,O
Hernia,0,6,O
-,7,8,O
diaphragmatic,9,22,O
Hernia,0,6,O
-,7,8,O
femoral,9,16,O
Hernia,0,6,O
-,7,8,O
hiatal,9,15,O
Hernia,0,6,O
-,7,8,O
incarcerated,9,21,O
Hernia,0,6,O
-,7,8,O
incisional,9,19,O
Hernia,0,6,O
-,7,8,O
inguinal,9,17,O
Hernia,0,6,O
-,7,8,O
umbilical,9,18,O
Hernia,0,6,O
-,7,8,O
ventral,9,16,O
Hernia,0,6,O
repair,7,13,O
Heroin,0,6,O
abuse,7,12,O
Herpangina,0,10,O
Herpes,0,6,O
encephalitis,7,19,O
Herpes,0,6,O
gingivostomatitis,7,24,O
Herpes,0,6,O
infection,7,16,O
Herpes,0,6,O
simplex,7,14,O
ocular,15,21,O
Herpes,0,6,O
zoster,7,13,O
Herpetic,0,8,O
keratitis,9,18,O
Herpetic,0,8,O
whitlow,9,16,O
Hiccups,0,7,O
Hidradenitis,0,12,O
Hidradenoma,0,11,O
Hilar,0,5,O
adenopathy,6,16,O
Hilar,0,5,O
mass,6,10,O
Hilar,0,5,O
node,6,10,O
-,11,12,O
calcified,13,22,O
Hip,0,3,O
arthroplasty,4,16,O
-,17,18,O
total,19,24,O
Hip,0,3,O
dislocation,4,15,O
Hip,0,3,O
dislocation,4,15,O
-,16,17,O
congenital,18,28,O
Hip,0,3,O
fracture,4,12,O
Hip,0,3,O
or,4,6,O
thigh,7,12,O
injury,13,19,O
Hip,0,3,O
pain,4,8,O
Hip,0,3,O
replacement,4,15,O
Hip,0,3,O
subluxation,4,15,O
-,16,17,O
congenital,18,28,O
Hirschsprung's,0,14,O
disease,15,22,O
Hirsutism,0,9,O
Histiocytoma,0,12,O
-,13,14,O
atypical,15,23,O
fibrous,24,31,O
Histiocytoma,0,12,O
-,13,14,O
malignant,15,24,O
fibrous,25,32,O
Histiocytosis,0,13,O
-,14,15,O
malignant,16,25,O
Histiocytosis,0,13,O
X,14,15,O
syndrome,16,24,O
Histocytosis,0,12,O
Histoplasmosis,0,14,O
Hoarse,0,6,O
Hodgkin's,0,9,O
lymphoma,10,18,O
Homocystinuria,0,14,O
Hookworm,0,8,O
infection,9,18,O
Hordeolum,0,9,O
Horner's,0,8,O
syndrome,9,17,O
Human,0,5,O
bite,6,10,O
-,11,12,O
accidental,13,23,O
Human,0,5,O
bite,6,10,O
-,11,12,O
assault,13,20,O
Humerus,0,7,O
fracture,8,16,O
Hurthle,0,7,O
cell,8,12,O
adenoma,13,20,O
Hurthle,0,7,O
cell,8,12,O
tumor,13,18,O
Hutchinson's,0,12,O
melanotic,13,22,O
freckle,23,30,O
Hyaluronic,0,10,O
acid,11,15,O
injection,16,25,O
Hydatidiform,0,12,O
mole,13,17,O
-,18,19,O
invasive,20,28,O
Hydrocele,0,9,O
Hydrocephalus,0,13,O
Hydrocephalus,0,13,O
-,14,15,O
low,16,19,O
pressure,20,28,O
Hydronephrosis,0,14,O
Hydrops,0,7,O
fetalis,8,15,O
Hydrosalpinx,0,12,O
Hyperactivity,0,13,O
Hyperaldosteronism,0,18,O
Hyperbilirubinemia,0,18,O
Hypercalcemia,0,13,O
Hyperchloremia,0,14,O
Hypercholesterolemia,0,20,O
Hyperemesis,0,11,O
Hyperestrogenism,0,16,O
Hypergammaglobulinemia,0,22,O
Hyperglycemia,0,13,O
Hyperhidrosis,0,13,O
Hyperkalemia,0,12,O
Hyperkeratosis,0,14,O
Hyperlipidemia,0,14,O
Hyperlipoproteinemia,0,20,O
(type,21,26,O
IV),27,30,O
Hyperlipoproteinemia,0,20,O
(type,21,26,O
V),27,29,O
Hyperlipoproteinemia,0,20,O
-,21,22,O
type,23,27,O
I,28,29,O
Hypermagnesemia,0,15,O
Hypernatremia,0,13,O
Hyperopia,0,9,O
Hyperosmolality,0,15,O
Hyperparathyroid,0,16,O
Hyperphosphatemia,0,17,O
Hyperpigmentation,0,17,O
Hyperplasia,0,11,O
-,12,13,O
nodular,14,21,O
Hyperplastic,0,12,O
marrow,13,19,O
Hyperprolactinemia,0,18,O
Hyperproteinemia,0,16,O
Hypersensitivity,0,16,O
Hypertension,0,12,O
Hypertension,0,12,O
-,13,14,O
benign,15,21,O
essential,22,31,O
Hypertension,0,12,O
-,13,14,O
benign,15,21,O
renovascular,22,34,O
Hypertension,0,12,O
-,13,14,O
essential,15,24,O
Hypertension,0,12,O
-,13,14,O
malignant,15,24,O
essential,25,34,O
Hypertension,0,12,O
-,13,14,O
malignant,15,24,O
renovascular,25,37,O
Hypertension,0,12,O
-,13,14,O
uncontrolled,15,27,O
Hypertension,0,12,O
with,13,17,O
pregnancy,18,27,O
Hyperthermia,0,12,O
-,13,14,O
malignant,15,24,O
Hyperthyroidism,0,15,O
Hypertriglyceridemia,0,20,O
Hypertrophic,0,12,O
obstructive,13,24,O
cardiomyopathy,25,39,O
(HOCM),40,46,O
Hyperuricemia,0,13,O
Hyperventilation,0,16,O
Hyperviscosity,0,14,O
syndrome,15,23,O
Hyphema,0,7,O
Hyphema,0,7,O
-traumatic,8,18,O
Hypoalbuminemia,0,15,O
Hypoaldosteronism,0,17,O
Hypocalcemia,0,12,O
Hypochloremia,0,13,O
Hypochondriasis,0,15,O
Hypogammaglobulinemia,0,21,O
Hypoglycemia,0,12,O
Hypogonadism,0,12,O
-,13,14,O
female,15,21,O
Hypogonadism,0,12,O
-,13,14,O
male,15,19,O
Hypokalemia,0,11,O
Hypomagnesemia,0,14,O
Hyponatremia,0,12,O
Hypoparathyroidism,0,18,O
Hypophosphatemia,0,16,O
Hypopigmentation,0,16,O
Hypopituitarism,0,15,O
Hypoplastic,0,11,O
left,12,16,O
heart,17,22,O
syndrome,23,31,O
(HLHS),32,38,O
Hypoplastic,0,11,O
marrow,12,18,O
Hypospadias,0,11,O
Hypotension,0,11,O
Hypothermia,0,11,O
Hypothyroidism,0,14,O
Hypotonia,0,9,O
Hypoxia,0,7,O
Hysterectomy,0,12,O
Hysterectomy,0,12,O
-,13,14,O
total,15,20,O
abdominal,21,30,O
Hysterectomy,0,12,O
-,13,14,O
vaginal,15,22,O
Ichthyosis,0,10,O
Id,0,2,O
reaction,3,11,O
Idiopathic,0,10,O
thrombocytopenic,11,27,O
purpura,28,35,O
Ileectomy,0,9,O
Ileitis,0,7,O
Ileostomy,0,9,O
Ileus,0,5,O
Immobilization,0,14,O
Impaction,0,9,O
-,10,11,O
fecal,12,17,O
Imperforate,0,11,O
anus,12,16,O
Imperforate,0,11,O
hymen,12,17,O
Impetigo,0,8,O
Impotence,0,9,O
Inborn,0,6,O
error,7,12,O
of,13,15,O
metabolism,16,26,O
Incision,0,8,O
and,9,12,O
drainage,13,21,O
(I&D),22,27,O
of,28,30,O
abscess,31,38,O
Incontinence,0,12,O
-,13,14,O
fecal,15,20,O
Incontinentia,0,13,O
pigmenti,14,22,O
Infant,0,6,O
of,7,9,O
diabetic,10,18,O
mother,19,25,O
Infantile,0,9,O
spasms,10,16,O
Infectious,0,10,O
mononucleosis,11,24,SYMPTOM
Infertility,0,11,O
Infertility,0,11,O
-,12,13,O
female,14,20,O
Infertility,0,11,O
-,12,13,O
male,14,18,O
Inflammation,0,12,O
-,13,14,O
granulomatous,15,28,O
Inflammatory,0,12,O
bowel,13,18,O
disease,19,26,O
Influenza,0,9,O
Influenza,0,9,O
A,10,11,O
infection,12,21,O
Influenza,0,9,O
B,10,11,O
infection,12,21,O
Ingrown,0,7,O
nail,8,12,O
Injection,0,9,O
of,10,12,O
botulinum,13,22,O
toxin,23,28,O
Insect,0,6,O
bite,7,11,O
-,12,13,O
venomous,14,22,O
Insomnia,0,8,O
Insulinoma,0,10,O
Insulinoma,0,10,O
-,11,12,O
malignant,13,22,O
Interstitial,0,12,O
cystitis,13,21,O
Interstitial,0,12,O
nephritis,13,22,O
Interstitial,0,12,O
nephritis,13,22,O
-,23,24,O
acute,25,30,O
Interstitial,0,12,O
nephritis,13,22,O
-,23,24,O
chronic,25,32,O
Intertrigo,0,10,O
Intervertebral,0,14,O
disc,15,19,O
-,20,21,O
herniated,22,31,O
Intervertebral,0,14,O
disc,15,19,O
degeneration,20,32,O
Intracerebral,0,13,O
bleeding,14,22,O
Intracranial,0,12,O
surgery,13,20,O
Intraductal,0,11,O
carcinoma,12,21,O
Intraductal,0,11,O
papilloma,12,21,SYMPTOM
Intraductal,0,11,O
papillomatosis,12,26,O
Intraepithelial,0,15,O
lesion,16,22,O
-,23,24,O
squamous,25,33,O
Intrarectal,0,11,O
intussusception,12,27,O
Intrauterine,0,12,O
device,13,19,O
(IUD),20,25,O
Intraventricular,0,16,O
hemorrhage,17,27,O
Intrinsic,0,9,O
factor,10,16,O
deficiency,17,27,O
Intussusception,0,15,O
Iodine,0,6,O
allergy,7,14,O
Iritis,0,6,O
Irritable,0,9,O
bowel,10,15,O
syndrome,16,24,O
Islet,0,5,O
cell,6,10,O
adenocarcinoma,11,25,O
Islet,0,5,O
cell,6,10,O
adenoma,11,18,O
Jaundice,0,8,O
Jaw,0,3,O
fracture,4,12,O
Jaw,0,3,O
pain,4,8,O
Jejunostomy,0,11,O
tube,12,16,O
Jessner's,0,9,O
lymphocytic,10,21,O
infiltration,22,34,O
of,35,37,O
the,38,41,O
skin,42,46,O
Joint,0,5,O
capsulitis,6,16,O
Joint,0,5,O
contracture,6,17,O
Joint,0,5,O
disorder,6,14,O
Joint,0,5,O
effusion,6,14,O
Joint,0,5,O
injection,6,15,O
Joint,0,5,O
prosthesis,6,16,O
Jugular,0,7,O
vein,8,12,O
thrombosis,13,23,O
Juvenile,0,8,O
rheumatoid,9,19,O
arthritis,20,29,O
Juvenile,0,8,O
xanthogranuloma,9,24,O
Kaposi's,0,8,O
sarcoma,9,16,O
Kaposi's,0,8,O
varicelliform,9,22,O
eruption,23,31,O
Kawasaki,0,8,O
disease,9,16,O
Keratin,0,7,O
plug,8,12,O
Keratitis,0,9,O
Keratoacanthoma,0,15,O
Keratoconjunctivitis,0,20,O
Keratoderma,0,11,O
-,12,13,O
acquired,14,22,O
Keratoderma,0,11,O
-,12,13,O
congenital,14,24,O
Keratosis,0,9,O
Keratosis,0,9,O
-,10,11,O
actinic,12,19,O
Keratosis,0,9,O
-,10,11,O
arsenical,12,21,O
Keratosis,0,9,O
-,10,11,O
inverted,12,20,O
follicular,21,31,O
Keratosis,0,9,O
-,10,11,O
pilaris,12,19,O
Keratosis,0,9,O
-,10,11,O
seborrheic,12,22,O
Keratosis,0,9,O
-,10,11,O
seborrheic,12,22,O
inflamed,23,31,O
Kerion,0,6,O
Ketoacidosis,0,12,O
-,13,14,O
alcohol,15,22,O
Ketonemia,0,9,O
Ketonuria,0,9,O
Kidney,0,6,O
-,7,8,O
horseshoe,9,18,O
Kidney,0,6,O
-,7,8,O
large,9,14,O
Kidney,0,6,O
absent,7,13,O
Klinefelter,0,11,O
syndrome,12,20,O
Knee,0,4,O
arthroplasty,5,17,O
-,18,19,O
total,20,25,O
Knee,0,4,O
derangement,5,16,O
-,17,18,O
internal,19,27,O
Knee,0,4,O
dislocation,5,16,O
Knee,0,4,O
fracture,5,13,O
Knee,0,4,O
pain,5,9,O
Knee,0,4,O
replacement,5,16,O
Knee,0,4,O
sprain,5,11,O
Knock,0,5,O
knee,6,10,O
Kyphoscoliosis,0,14,O
Kyphosis,0,8,O
Labyrinth,0,9,O
disease,10,17,O
Laceration,0,10,O
Lactose,0,7,O
intolerance,8,19,O
Lacunar,0,7,O
infarct,8,15,O
Laminectomy,0,11,O
Laparoscopy,0,11,O
Laparotomy,0,10,O
Laparotomy,0,10,O
-,11,12,O
exploratory,13,24,O
Large-plaque,0,12,O
parapsoriasis,13,26,O
Laryngeal,0,9,O
abscess,10,17,O
Laryngeal,0,9,O
edema,10,15,O
Laryngeal,0,9,O
mass,10,14,O
Laryngeal,0,9,O
polyp,10,15,O
Laryngeal,0,9,O
ulcer,10,15,O
Laryngectomy,0,12,O
Laryngitis,0,10,O
Larynx,0,6,O
cancer,7,13,O
Laser,0,5,O
eye,6,9,O
surgery,10,17,O
Laser,0,5,O
photocoagulation,6,22,O
to,23,25,O
retina,26,32,O
Laser,0,5,O
removal,6,13,O
of,14,16,O
hair,17,21,O
Laser,0,5,O
skin,6,10,O
resurfacing,11,22,O
Laser,0,5,O
surgery,6,13,O
Lateral,0,7,O
meniscus,8,16,O
tear,17,21,O
Lateral,0,7,O
pharyngeal,8,18,O
space,19,24,O
abscess,25,32,O
Laxative,0,8,O
abuse,9,14,O
Lead,0,4,O
line,5,9,O
Lead,0,4,O
toxicity,5,13,O
Learning,0,8,O
disability,9,19,O
Left,0,4,O
to,5,7,O
right,8,13,O
cardiovascular,14,28,O
shunt,29,34,O
Left,0,4,O
ventricular,5,16,O
dysfunction,17,28,O
-,29,30,O
systolic,31,39,O
Leg,0,3,O
cramps,4,10,O
Leg,0,3,O
infection,4,13,O
Leg,0,3,O
numbness,4,12,O
Leg,0,3,O
pain,4,8,O
Leg,0,3,O
ulcer,4,9,O
Legg-Calvé-Perthes,0,18,O
disease,19,26,O
Leiomyoma,0,9,O
Leiomyosarcoma,0,14,O
Lens,0,4,O
-,5,6,O
dislocated,7,17,O
Lens,0,4,O
pseudoexfoliation,5,22,O
syndrome,23,31,O
Lentigo,0,7,O
Lentigo,0,7,O
maligna,8,15,O
melanoma,16,24,O
Lentigo,0,7,O
simplex,8,15,O
Leprosy,0,7,O
Leptospirosis,0,13,O
Leukemia,0,8,O
Leukemia,0,8,O
cutis,9,14,O
Leukemoid,0,9,O
reaction,10,18,O
Leukocytosis,0,12,O
Leukopenia,0,10,O
Leukoplakia,0,11,O
Leydig,0,6,O
cell,7,11,O
tumor,12,17,O
-,18,19,O
benign,20,26,O
Leydig,0,6,O
cell,7,11,O
tumor,12,17,O
-,18,19,O
malignant,20,29,O
Lichen,0,6,O
nitidus,7,14,O
Lichen,0,6,O
planus,7,13,O
Lichen,0,6,O
sclerosus,7,16,O
et,17,19,O
atrophicus,20,30,O
Lichen,0,6,O
simplex,7,14,O
chronicus,15,24,O
Lichenoid,0,9,O
dermatitis,10,20,O
Lichenoid,0,9,O
drug,10,14,O
eruption,15,23,O
Lid,0,3,O
lag,4,7,O
Limb,0,4,O
amputation,5,15,O
Linear,0,6,O
immunoglobulin,7,21,O
A,22,23,O
dermatosis,24,34,O
Linitis,0,7,O
plastica,8,16,O
Lip,0,3,O
implantation,4,16,O
Lip,0,3,O
neoplasm,4,12,O
-,13,14,O
malignant,15,24,O
Lipogranuloma,0,13,O
Lipoma,0,6,O
Liposarcoma,0,11,O
Liposarcoma,0,11,O
-,12,13,O
myxoid,14,20,O
Liposarcoma,0,11,O
-,12,13,O
pleomorphic,14,25,O
Liposuction,0,11,O
Listeriosis,0,11,O
Lithium,0,7,O
toxicity,8,16,O
Lithotripsy,0,11,O
Livedo,0,6,O
reticularis,7,18,O
Liver,0,5,O
-,6,7,O
small,8,13,O
Liver,0,5,O
cirrhosis,6,15,O
Liver,0,5,O
disease,6,13,O
-,14,15,O
alcoholic,16,25,O
Liver,0,5,O
function,6,14,O
tests,15,20,O
-,21,22,O
abnormal,23,31,O
Liver,0,5,O
surgery,6,13,O
Liver,0,5,O
transplant,6,16,O
Lobular,0,7,O
adenocarcinoma,8,22,O
Lobular,0,7,O
carcinoma,8,17,O
in-situ,18,25,O
Lordosis,0,8,O
Louse-borne,0,11,O
relapsing,12,21,O
fever,22,27,O
Lower,0,5,O
back,6,10,O
pain,11,15,O
Lower,0,5,O
extremity,6,15,O
amputation,16,26,O
Lower,0,5,O
gastrointestinal,6,22,O
bleeding,23,31,O
Lower,0,5,O
leg,6,9,O
injury,10,16,O
Lower,0,5,O
leg/knee,6,14,O
instability,15,26,O
Lues,0,4,O
Lumbar,0,6,O
vertebra,7,15,O
fracture,16,24,O
Lumbar,0,6,O
vertebral,7,16,O
subluxation,17,28,O
Lumboperitoneal,0,15,O
shunt,16,21,O
Lumbosacral,0,11,O
spondylosis,12,23,O
Lung,0,4,O
cancer,5,11,O
Lung,0,4,O
removal,5,12,O
(pneumonectomy),13,28,O
Lung,0,4,O
transplant,5,15,O
Lung,0,4,O
transplant,5,15,O
-bilateral,16,26,O
Lupus,0,5,O
discoid,6,13,O
Lupus,0,5,O
erythematosus,6,19,O
Lupus,0,5,O
profundus,6,15,O
Lyme,0,4,O
arthritis,5,14,O
Lyme,0,4,O
disease,5,12,O
Lymph,0,5,O
surgery,6,13,O
Lymphadenitis,0,13,O
Lymphadenitis,0,13,O
-,14,15,O
acute,16,21,O
Lymphadenitis,0,13,O
-,14,15,O
chronic,16,23,O
Lymphadenopathy,0,15,O
Lymphangiectasis,0,16,O
Lymphangioma,0,12,O
Lymphangiosarcoma,0,17,O
Lymphangitis,0,12,O
Lymphedema,0,10,O
Lymphocytic,0,11,O
leukemia,12,20,O
-,21,22,O
acute,23,28,O
Lymphocytic,0,11,O
leukemia,12,20,O
-,21,22,O
chronic,23,30,O
Lymphocytoma,0,12,O
cutis,13,18,O
Lymphocytopenia,0,15,O
Lymphocytosis,0,13,O
Lymphogranuloma,0,15,O
venereum,16,24,O
Lymphoid,0,8,O
hyperplasia,9,20,O
Lymphoid,0,8,O
hypoplasia,9,19,O
Lymphoma,0,8,O
Lymphomatoid,0,12,O
granulomatosis,13,27,O
Lymphomatoid,0,12,O
papulosis,13,22,O
Macrocephaly,0,12,O
Macroglobulinemia,0,17,O
Macrosomia,0,10,O
Macular,0,7,O
degeneration,8,20,O
Macular,0,7,O
degeneration,8,20,O
-,21,22,O
cystoid,23,30,O
Macular,0,7,O
rash,8,12,O
Maculopapular,0,13,O
rash,14,18,O
Majocchi's,0,10,O
granuloma,11,20,O
Major,0,5,O
depression,6,16,O
-,17,18,O
recurrent,19,28,O
Malabsorption,0,13,O
Malaria,0,7,O
Malignancy,0,10,O
Malignant,0,9,O
cystosarcoma,10,22,O
phyllodes,23,32,O
Malignant,0,9,O
giant,10,15,O
cell,16,20,O
tumor,21,26,O
of,27,29,O
bone,30,34,O
Malignant,0,9,O
glioma,10,16,O
Malignant,0,9,O
mixed,10,15,O
tumor,16,21,O
Mallet,0,6,O
finger,7,13,O
Malnutrition,0,12,O
Malrotation,0,11,O
Mammoplasty,0,11,O
Mania,0,5,O
Maple,0,5,O
syrup,6,11,O
urine,12,17,O
disease,18,25,O
(MSUD),26,32,O
Marfan's,0,8,O
syndrome,9,17,O
Mastectomy,0,10,O
Mastectomy,0,10,O
(breast,11,18,O
removal),19,27,O
Mastitis,0,8,O
Mastocytoma,0,11,O
Mastoid,0,7,O
tender,8,14,O
Mastoidectomy,0,13,O
Mastoiditis,0,11,O
Maxillofacial,0,13,O
abscess,14,21,O
Measles,0,7,O
Meatal,0,6,O
stricture,7,16,O
Meckels,0,7,O
diverticulum,8,20,O
Meconium,0,8,O
aspiration,9,19,O
syndrome,20,28,O
Meconium,0,8,O
ileus,9,14,O
Medial,0,6,O
meniscus,7,15,O
tear,16,20,O
Median,0,6,O
nerve,7,12,O
injury,13,19,O
Median,0,6,O
neuropathy,7,17,O
Mediastinal,0,11,O
adenopathy,12,22,O
Mediastinal,0,11,O
mass,12,16,O
Mediastinal,0,11,O
surgery,12,19,O
Mediastinitis,0,13,O
Medullary,0,9,O
adenocarcinoma,10,24,O
Medullary,0,9,O
sponge,10,16,O
kidney,17,23,O
Medulloblastoma,0,15,O
Melanoma,0,8,O
-,9,10,O
amelanotic,11,21,O
Melanoma,0,8,O
-,9,10,O
malignant,11,20,O
Melanoma,0,8,O
-,9,10,O
nodular,11,18,O
Melanoma,0,8,O
in-situ,9,16,O
Melanosis,0,9,O
Melanosis,0,9,O
coli,10,14,O
Melasma,0,7,O
Melena,0,6,O
Meningeal,0,9,O
carcinomatosis,10,24,O
Meningeal,0,9,O
tumor,10,15,O
Meningioma,0,10,O
Meningismus,0,11,O
Meningitis,0,10,O
Meningitis,0,10,O
-,11,12,O
amebic,13,19,O
Meningitis,0,10,O
-,11,12,O
aseptic,13,20,O
Meningitis,0,10,O
-,11,12,O
fungal,13,19,O
Meningitis,0,10,O
tuberculosis,11,23,O
Meningocele,0,11,O
Meningocele,0,11,O
surgery,12,19,O
Meningococcemia,0,15,O
Meniscus,0,8,O
tear,9,13,O
Menorrhagia,0,11,O
Menstrual,0,9,O
cycle,10,15,O
-,16,17,O
irregular,18,27,O
Menstrual,0,9,O
spotting,10,18,O
Mental,0,6,O
health,7,13,O
problem,14,21,O
Mental,0,6,O
retardation,7,18,O
Mental,0,6,O
state,7,12,O
-,13,14,O
altered,15,22,O
Mesenteric,0,10,O
vascular,11,19,O
insufficiency,20,33,O
Mesonephroma,0,12,O
-,13,14,O
benign,15,21,O
Mesonephroma,0,12,O
-,13,14,O
malignant,15,24,O
Mesothelioma,0,12,O
-,13,14,O
malignant,15,24,O
Metaplasia,0,10,O
-,11,12,O
myeloid,13,20,O
Metastatic,0,10,O
adenocarcinoma,11,25,O
Metatarsal,0,10,O
bone,11,15,O
-,16,17,O
plantar,18,25,O
flexed,26,32,O
Metatypical,0,11,O
carcinoma,12,21,O
Methemoglobinemia,0,17,O
Methicillin-resistant,0,21,O
Staph,22,27,O
aureus,28,34,O
(MRSA),35,41,O
colonization,42,54,O
Methicillin-resistant,0,21,O
Staph,22,27,O
aureus,28,34,O
(MRSA),35,41,O
infection,42,51,O
Microcephaly,0,12,O
Microdermabrasion,0,17,O
Micrognathia,0,12,O
Migraine,0,8,O
Miliaria,0,8,O
Milium,0,6,O
cyst,7,11,O
Milk-Alkali,0,11,O
syndrome,12,20,O
Miosis,0,6,O
Mitral,0,6,O
insufficiency,7,20,O
Mitral,0,6,O
stenosis,7,15,O
Mitral,0,6,O
valve,7,12,O
disorder,13,21,O
Mitral,0,6,O
valve,7,12,O
replacement,13,24,O
Mixed,0,5,O
Mullerian,6,15,O
tumor,16,21,O
Mixed,0,5,O
germ,6,10,O
cell,11,15,O
tumor,16,21,O
-,22,23,O
malignant,24,33,O
Modified,0,8,O
Blalock-Taussig,9,24,O
shunt,25,30,O
Mohs,0,4,O
surgery,5,12,O
Molar,0,5,O
tooth,6,11,O
-,12,13,O
impacted,14,22,O
Molluscum,0,9,O
contagiosum,10,21,O
Monoclonal,0,10,O
gammopathy,11,21,O
Monocytic,0,9,O
leukemia,10,18,O
Mononeuritis,0,12,O
multiplex,13,22,O
Morbid,0,6,O
obesity,7,14,O
Morphea,0,7,O
Morton's,0,8,O
neuroma,9,16,O
Motion,0,6,O
sickness,7,15,O
Motor,0,5,O
vehicle,6,13,O
accident,14,22,O
Mountain,0,8,O
sickness,9,17,O
Mouth,0,5,O
sores,6,11,O
Mucinosis,0,9,O
Mucinous,0,8,O
cystadenoma,9,20,O
Mucocutaneous,0,13,O
leishmaniasis,14,27,O
Mucopolysaccharidosis,0,21,O
Mucormycosis,0,12,O
Multiple,0,8,O
myeloma,9,16,O
Multiple,0,8,O
sclerosis,9,18,O
Mumps,0,5,O
Mural,0,5,O
thrombus,6,14,O
Muscle,0,6,O
cramps,7,13,O
Muscle,0,6,O
disease,7,14,O
Muscle,0,6,O
rupture,7,14,O
Muscle,0,6,O
spasm,7,12,O
Muscle,0,6,O
strain,7,13,O
Muscle,0,6,O
weakness,7,15,O
Muscular,0,8,O
dystrophy,9,18,O
Musculoskeletal,0,15,O
surgery,16,23,O
Myalgia,0,7,O
Myasthenia,0,10,O
gravis,11,17,O
Mycosis,0,7,O
fungoides,8,17,O
Myelodysplastic,0,15,O
syndrome,16,24,O
Myelofibrosis,0,13,O
Myeloid,0,7,O
hyperplasia,8,19,O
Myeloid,0,7,O
hypoplasia,8,18,O
Myeloid,0,7,O
leukemia,8,16,O
-,17,18,O
acute,19,24,O
Myeloid,0,7,O
maturation,8,18,O
arrest,19,25,O
Myelolipoma,0,11,O
Myelomeningocele,0,16,O
Myeloproliferative,0,18,O
disorder,19,27,O
Myocardial,0,10,O
contusion,11,20,O
Myocardial,0,10,O
infarction,11,21,O
Myocardial,0,10,O
infarction,11,21,O
-,22,23,O
acute,24,29,O
Myocarditis,0,11,O
Myoclonus,0,9,O
Myopia,0,6,O
Myositis,0,8,O
Myotonia,0,8,O
Myringitis,0,10,O
Myringotomy,0,11,O
Myringotomy,0,11,O
and,12,15,O
insertion,16,25,O
of,26,28,O
ventilation,29,40,O
tube,41,45,O
Myxedema,0,8,O
Myxoma,0,6,O
Myxosarcoma,0,11,O
Nabothian,0,9,O
cyst,10,14,O
Nail,0,4,O
disease,5,12,O
Nail,0,4,O
dystrophy,5,14,O
-,15,16,O
acquired,17,25,O
Nail,0,4,O
dystrophy,5,14,O
-,15,16,O
congenital,17,27,O
Narcolepsy,0,10,O
Narcotic,0,8,O
abuse,9,14,O
Nasal,0,5,O
disorder,6,14,O
Nasal,0,5,O
fracture,6,14,O
Nasal,0,5,O
obstruction,6,17,O
Nasal,0,5,O
pack,6,10,O
Nasal,0,5,O
polyp,6,11,O
Nasal,0,5,O
septum,6,12,O
-,13,14,O
deviated,15,23,O
Nasal,0,5,O
septum,6,12,O
surgery,13,20,O
Nasolacrimal,0,12,O
duct,13,17,O
obstruction,18,29,O
Nasopharyngeal,0,14,O
carcinoma,15,24,O
Nausea,0,6,O
Near,0,4,O
Drowning-Fresh,5,19,O
Water,20,25,O
Neck,0,4,O
mass,5,9,O
Neck,0,4,O
pain,5,9,O
Neck,0,4,O
stiffness,5,14,O
Necrobiosis,0,11,O
lipoidica,12,21,O
Necrosis,0,8,O
-,9,10,O
papillary,11,20,O
Necrotizing,0,11,O
enterocolitis,12,25,O
Neoplasia,0,9,O
Neoplasm,0,8,O
-,9,10,O
benign,11,17,O
Nephrectomy,0,11,O
Nephrectomy,0,11,O
(kidney,12,19,O
removal),20,28,O
Nephritis,0,9,O
-,10,11,O
lupus,12,17,O
Nephritis,0,9,O
-,10,11,O
sodium,12,18,O
losing,19,25,O
Nephroblastoma,0,14,O
Nephrolithotomy,0,15,O
Nephropathy,0,11,O
-,12,13,O
IgA,14,17,O
Nephropathy,0,11,O
-,12,13,O
obstructive,14,25,O
Nephropathy,0,11,O
-,12,13,O
urate,14,19,O
Nephrosclerosis,0,15,O
Nephrosclerosis,0,15,O
-,16,17,O
arteriolar,18,28,O
Nephrotic,0,9,O
syndrome,10,18,O
Nerve,0,5,O
entrapment,6,16,O
surgery,17,24,O
Nerve,0,5,O
entrapment,6,16,O
syndrome,17,25,O
Nerve,0,5,O
laceration,6,16,O
Nerve,0,5,O
surgery,6,13,O
Neuralgia,0,9,O
Neurilemmoma,0,12,O
Neuroblastoma,0,13,O
Neurodermatitis,0,15,O
Neurofibroma,0,12,O
Neurofibroma,0,12,O
-,13,14,O
plexiform,15,24,O
Neurofibromatosis,0,17,O
Neuroleptic,0,11,O
malignant,12,21,O
syndrome,22,30,O
Neurologic,0,10,O
defect,11,17,O
Neuroma,0,7,O
Neuroma,0,7,O
-,8,9,O
traumatic,10,19,O
Neuronevus,0,10,O
Neuropathy,0,10,O
Neuropathy,0,10,O
-,11,12,O
diabetic,13,21,O
Neurosis,0,8,O
Neurosurgery,0,12,O
Neurosurgical,0,13,O
diagnostic,14,24,O
procedure,25,34,O
Neurosyphilis,0,13,O
Neurovascular,0,13,O
syndrome,14,22,O
Neutropenia,0,11,O
Neutropenic,0,11,O
sepsis,12,18,O
Nevus,0,5,O
Nevus,0,5,O
-,6,7,O
combined,8,16,O
Nevus,0,5,O
-,6,7,O
compound,8,16,O
Nevus,0,5,O
-,6,7,O
epidermal,8,17,O
Nevus,0,5,O
-,6,7,O
halo,8,12,O
Nevus,0,5,O
-,6,7,O
intradermal,8,19,O
Nevus,0,5,O
-,6,7,O
junctional,8,18,O
Nevus,0,5,O
-,6,7,O
pigmented,8,17,O
Nevus,0,5,O
-,6,7,O
sebaceus,8,16,O
Nevus,0,5,O
-,6,7,O
spindle,8,15,O
cell,16,20,O
Nevus,0,5,O
removal,6,13,O
(mole,14,19,O
removal),20,28,O
Night,0,5,O
sweats,6,12,O
Night,0,5,O
terrors,6,13,O
Nipple,0,6,O
discharge,7,16,O
Nissen,0,6,O
fundoplication,7,21,O
Nocturia,0,8,O
Nocturnal,0,9,O
dyspnea,10,17,O
Nodular,0,7,O
glomerulosclerosis,8,26,O
Nodular,0,7,O
sclerosis,8,17,O
Non-Hodgkin's,0,13,O
lymphoma,14,22,O
Non-Q-wave,0,10,O
infarct,11,18,O
Nonalcoholic,0,12,O
steatohepatitis,13,28,O
(NASH),29,35,O
Norwood,0,7,O
procedure,8,17,O
Nose,0,4,O
stuffy,5,11,O
Numbness,0,8,O
Nystagmus,0,9,O
Obesity,0,7,O
Obsessive-compulsive,0,20,O
disorder,21,29,O
Obstructive,0,11,O
apnea,12,17,O
Ocular,0,6,O
herpes,7,13,O
zoster,14,20,O
Ocular,0,6,O
histoplasmosis,7,21,O
Ocular,0,6,O
trabeculectomy,7,21,O
Oculomotor,0,10,O
nerve,11,16,O
palsy,17,22,O
Odontogenic,0,11,O
infection,12,21,O
Odontogenic,0,11,O
tumor,12,17,O
Odontogenic,0,11,O
tumor,12,17,O
-,18,19,O
malignant,20,29,O
Odontoid,0,8,O
fracture,9,17,O
Oligodendroglioma,0,17,O
Oligohydramnios,0,15,O
Oligospermia,0,12,O
Oliguria,0,8,O
Olivopontocerebellar,0,20,O
atrophy,21,28,O
Omphalocele,0,11,O
Onchocerciasis,0,14,O
Onychogryphosis,0,15,O
Onycholysis,0,11,O
Onychomycosis,0,13,O
Onychophosis,0,12,O
Oophorectomy,0,12,O
Open,0,4,O
heart,5,10,O
surgery,11,18,O
Open,0,4,O
reduction/internal,5,23,O
fixation,24,32,O
Ophthalmologic,0,14,O
surgery,15,22,O
Oppositional,0,12,O
defiant,13,20,O
disorder,21,29,O
(ODD),30,35,O
Optic,0,5,O
atrophy,6,13,O
Optic,0,5,O
nerve,6,11,O
injury,12,18,O
Optic,0,5,O
neuritis,6,14,O
Oral,0,4,O
candidiasis,5,16,O
Oral,0,4,O
ulcer,5,10,O
Orbital,0,7,O
blowout,8,15,O
fracture,16,24,O
Orbital,0,7,O
cellulitis,8,18,O
Orchiectomy,0,11,O
Orchitis,0,8,O
Organic,0,7,O
brain,8,13,O
syndrome,14,22,O
Osgood-Schlatter,0,16,O
disease,17,24,O
Osteitis,0,8,O
fibrosa,9,16,O
Osteoarthritis,0,14,O
Osteoblastoma,0,13,O
Osteochondritis,0,15,O
Osteochondritis,0,15,O
dissecans,16,25,O
Osteochondroma,0,14,O
Osteochondromatosis,0,19,O
Osteogenesis,0,12,O
imperfecta,13,23,O
Osteogenic,0,10,O
sarcoma,11,18,O
Osteoma,0,7,O
Osteomalacia,0,12,O
Osteomyelitis,0,13,O
Osteomyelitis,0,13,O
-,14,15,O
chronic,16,23,O
Osteomyelitis,0,13,O
-,14,15,O
tuberculosis,16,28,O
Osteopenia,0,10,O
Osteoporosis,0,12,O
Ostomy,0,6,O
(colostomy,7,17,O
or,18,20,O
ileostomy),21,31,O
Ostomy,0,6,O
takedown,7,15,O
Otitis,0,6,O
externa,7,14,O
Otitis,0,6,O
media,7,12,O
Otitis,0,6,O
media,7,12,O
-,13,14,O
acute,15,20,O
Otitis,0,6,O
media,7,12,O
-,13,14,O
chronic,15,22,O
Otitis,0,6,O
media,7,12,O
-,13,14,O
serous,15,21,O
Otomycosis,0,10,O
Otoplasty,0,9,O
(external,10,19,O
ear,20,23,O
surgery),24,32,O
Otorrhagia,0,10,O
Otorrhea,0,8,O
Otosclerosis,0,12,O
Otosyphilis,0,11,O
Ovarian,0,7,O
abscess,8,15,O
Ovarian,0,7,O
cancer,8,14,O
Ovarian,0,7,O
cyst,8,12,O
torsion,13,20,O
Ovarian,0,7,O
dysfunction,8,19,O
Ovarian,0,7,O
failure,8,15,O
Ovarian,0,7,O
torsion,8,15,O
Ovaries,0,7,O
-,8,9,O
cystic,10,16,O
Ovaries,0,7,O
-,8,9,O
polycystic,10,20,O
Overweight,0,10,O
Oxygen,0,6,O
toxicity,7,15,O
PICC,0,4,O
insertion,5,14,O
Paget's,0,7,O
disease,8,15,O
of,16,18,O
bone,19,23,O
Paget's,0,7,O
disease,8,15,O
of,16,18,O
breast,19,25,O
Paget's,0,7,O
disease,8,15,O
of,16,18,O
skin,19,23,O
Pain,0,4,O
-,5,6,O
neuropathic,7,18,O
Palate,0,6,O
edema,7,12,O
Pallor,0,6,O
Palpitations,0,12,O
Pancreas,0,8,O
-,9,10,O
large,11,16,O
Pancreas,0,8,O
disorder,9,17,O
Pancreas,0,8,O
surgery,9,16,O
Pancreas,0,8,O
transplant,9,19,O
Pancreatectomy,0,14,O
Pancreatic,0,10,O
calcification,11,24,O
Pancreatic,0,10,O
cancer,11,17,O
Pancreatic,0,10,O
cholera,11,18,O
syndrome,19,27,O
Pancreatic,0,10,O
duct,11,15,O
-,16,17,O
dilated,18,25,O
Pancreatic,0,10,O
fistula,11,18,O
Pancreatic,0,10,O
insufficiency,11,24,O
Pancreatic,0,10,O
mass,11,15,O
Pancreatic,0,10,O
pseudocyst,11,21,O
Pancreaticoduodenectomy,0,23,O
Pancreatitis,0,12,O
-,13,14,O
acute,15,20,O
Pancreatitis,0,12,O
-,13,14,O
chronic,15,22,O
Panic,0,5,O
attack,6,12,O
Panic,0,5,O
disorder,6,14,O
Panniculitis,0,12,O
Pap,0,3,O
smear,4,9,O
-,10,11,O
abnormal,12,20,O
Papillary,0,9,O
adenocarcinoma,10,24,O
Papilledema,0,11,O
Paracentesis,0,12,O
Paracentesis,0,12,O
-,13,14,O
therapeutic,15,26,O
Paraganglioma,0,13,O
Paraganglioma,0,13,O
-,14,15,O
malignant,16,25,O
Parakeratosis,0,13,O
Paralyzed,0,9,O
diaphragm,10,19,O
Parapharyngeal,0,14,O
abscess,15,22,O
Paraphimosis,0,12,O
Parapsoriasis,0,13,O
Parasite,0,8,O
disease,9,16,O
Parasitic,0,9,O
infection,10,19,O
Parathyroid,0,11,O
adenoma,12,19,O
Parathyroidectmy,0,16,O
Paresthesia,0,11,O
Parkinsons,0,10,O
Paronychia,0,10,O
Paronychia,0,10,O
-,11,12,O
chronic,13,20,O
Paronychia,0,10,O
toe,11,14,O
Parotitis,0,9,O
Paroxysmal,0,10,O
nocturnal,11,20,O
hemoglobinuria,21,35,O
Patella,0,7,O
tendinitis/bursitis,8,27,O
Patellar,0,8,O
tendon,9,15,O
rupture,16,23,O
Patent,0,6,O
ductus,7,13,O
arteriosus,14,24,O
Pectus,0,6,O
excavatum,7,16,O
Pectus,0,6,O
excavatum,7,16,O
repair,17,23,O
Pediatric,0,9,O
Autoimmune,10,20,O
Neuropsychiatric,21,37,O
Disorders,38,47,O
Associated,48,58,O
with,59,63,O
Streptococcal,64,77,O
infections,78,88,O
Pediculosis,0,11,O
Pediculosis,0,11,O
capitis,12,19,O
Pediculosis,0,11,O
corporis,12,20,O
Pellagra,0,8,O
Pelvic,0,6,O
fracture,7,15,O
Pelvic,0,6,O
inflammatory,7,19,O
disease,20,27,O
Pelvic,0,6,O
mass,7,11,O
Pelvic,0,6,O
pain,7,11,O
Pemphigoid,0,10,O
gestationis,11,22,O
Pemphigus,0,9,O
Pemphigus,0,9,O
erythematosus,10,23,O
Pemphigus,0,9,O
foliaceus,10,19,O
Pemphigus,0,9,O
vegetans,10,18,O
Pemphigus,0,9,O
vulgaris,10,18,O
Penile,0,6,O
adhesion,7,15,O
Penile,0,6,O
discharge,7,16,O
Penile,0,6,O
prosthesis,7,17,O
Penile,0,6,O
ulcer,7,12,O
Penis,0,5,O
disorder,6,14,O
Peptic,0,6,O
ulcer,7,12,O
Peptic,0,6,O
ulcer,7,12,O
-,13,14,O
acute,15,20,O
Peptic,0,6,O
ulcer,7,12,O
-,13,14,O
perforation,15,26,O
Percutaneous,0,12,O
transluminal,13,25,O
coronary,26,34,SYMPTOM
angioplasty,35,46,SYMPTOM
(PTCA),47,53,O
Perforated,0,10,O
colon,11,16,O
Perforated,0,10,O
viscus,11,17,O
Pericardial,0,11,O
effusion,12,20,O
Pericardial,0,11,O
surgery,12,19,O
Pericardial,0,11,O
tamponade,12,21,O
Pericarditis,0,12,O
Pericarditis,0,12,O
-,13,14,O
acute,15,20,O
Pericarditis,0,12,O
-,13,14,O
constrictive,15,27,O
Perinephric,0,11,O
abscess,12,19,O
Periodonitis,0,12,O
-,13,14,O
acute,15,20,O
Periodontal,0,11,O
abscess,12,19,O
Periodontal,0,11,O
disease,12,19,O
Periodontitis,0,13,O
-,14,15,O
apical,16,22,O
Periodontitis,0,13,O
-,14,15,O
chronic,16,23,O
Perioral,0,8,O
dermatitis,9,19,O
Periostitis,0,11,O
Peripheral,0,10,O
nerve,11,16,O
surgery,17,24,O
Peripheral,0,10,O
neuropathy,11,21,O
Peripheral,0,10,O
vascular,11,19,O
disease,20,27,O
Perirectal,0,10,O
abscess,11,18,O
Peritoneal,0,10,O
adhesion,11,19,O
release,20,27,O
Peritoneal,0,10,O
dialysis,11,19,O
Peritoneal,0,10,O
extravasation,11,24,O
Peritoneal,0,10,O
metastases,11,21,O
Peritonitis,0,11,O
Peritonitis,0,11,O
-,12,13,O
spontaneous,14,25,O
bacterial,26,35,O
Perleche,0,8,O
Personality,0,11,O
disorder,12,20,O
Personality,0,11,O
disorder,12,20,O
-,21,22,O
paranoid,23,31,O
Pertussis,0,9,O
Petechiae,0,9,O
Peyronie's,0,10,O
disease,11,18,O
Pharyngeal,0,10,O
dysphagia,11,20,O
Pharyngeal,0,10,O
erythema,11,19,O
Pharyngeal,0,10,O
exudates,11,19,O
Pharyngeal,0,10,O
ulcer,11,16,O
Pharyngitis,0,11,O
Phenylketonuria,0,15,O
(PKU),16,21,O
Phenytoin,0,9,O
toxicity,10,18,O
Pheochromocytoma,0,16,O
Pheochromocytoma,0,16,O
-,17,18,O
malignant,19,28,O
Phimosis,0,8,O
Phlebosclerosis,0,15,O
Photodermatitis,0,15,O
Photophobia,0,11,O
Pickwickian,0,11,O
syndrome,12,20,O
Pigmentation,0,12,O
Pigmented,0,9,O
villonodular,10,22,O
synovitis,23,32,O
Pilar,0,5,O
cyst,6,10,O
Pilar,0,5,O
tumor,6,11,O
Pilomatrixoma,0,13,O
Pilonidal,0,9,O
cyst,10,14,O
Pilonidal,0,9,O
dimple,10,16,O
Pinguecula,0,10,O
Pitted,0,6,O
keratolysis,7,18,O
Pituitary,0,9,O
adenoma,10,17,O
Pituitary,0,9,O
tumor,10,15,O
Pityriasis,0,10,O
Pityriasis,0,10,O
alba,11,15,O
Pityriasis,0,10,O
capitis,11,18,O
Pityriasis,0,10,O
lichenoides,11,22,O
chronica,23,31,O
Pityriasis,0,10,O
rosea,11,16,O
Pityriasis,0,10,O
rubra,11,16,O
pilaris,17,24,O
Placenta,0,8,O
previa,9,15,SYMPTOM
Plague,0,6,O
Plantar,0,7,O
fasciitis,8,17,O
Plasma,0,6,O
cell,7,11,O
dyscrasia,12,21,O
Plasma,0,6,O
cell,7,11,O
myeloma,12,19,O
Plasmacytoma,0,12,O
Plastic,0,7,O
surgery,8,15,O
Platelet,0,8,O
disorder,9,17,O
Platybasia,0,10,O
Pleural,0,7,O
effusion,8,16,O
Pleurisy,0,8,O
Pleuritic,0,9,O
pain,10,14,O
Pneumatocele,0,12,O
Pneumocephalus,0,14,O
Pneumoconiosis,0,14,O
Pneumocystis,0,12,O
carinii,13,20,O
pneumonia,21,30,O
(PCP),31,36,O
Pneumomediastinum,0,17,O
Pneumonia,0,9,O
Pneumonia,0,9,O
-,10,11,O
aspiration,12,22,O
Pneumonia,0,9,O
-,10,11,O
bronchial,12,21,O
Pneumonia,0,9,O
-,10,11,O
eosinophilic,12,24,O
Pneumonia,0,9,O
-,10,11,O
interstitial,12,24,O
Pneumonia,0,9,O
-,10,11,O
lipoid,12,18,O
Pneumonia,0,9,O
-,10,11,O
lobar,12,17,O
Pneumonia,0,9,O
-,10,11,O
nosocomial,12,22,O
Pneumonia,0,9,O
-,10,11,O
resolved,12,20,O
Pneumothorax,0,12,O
Poikiloderma,0,12,O
Poikiloderma,0,12,O
atrophicans,13,24,O
Poison,0,6,O
ivy,7,10,O
Poliomyelitis,0,13,O
Polyarteritis,0,13,O
Polyarthritis,0,13,O
Polychondritis,0,14,O
Polycystic,0,10,O
kidney,11,17,O
Polycythemia,0,12,O
-,13,14,O
secondary,15,24,O
Polycythemia,0,12,O
vera,13,17,O
Polydipsia,0,10,O
Polyhydramnios,0,14,O
Polymorphous,0,12,O
light,13,18,O
eruption,19,27,O
Polymyalgia,0,11,O
rheumatica,12,22,O
Polymyositis,0,12,O
Polyp,0,5,O
-,6,7,O
adenomatous,8,19,O
Polyp,0,5,O
-,6,7,O
hyperplastic,8,20,O
Polyp,0,5,O
-,6,7,O
inflammatory,8,20,O
Polyp,0,5,O
-,6,7,O
juvenile,8,16,O
Polypectomy,0,11,O
Polyphagia,0,10,O
Polyradiculoneuropathy,0,22,O
Polyuria,0,8,O
Porokeratosis,0,13,O
Porphyria,0,9,O
Porphyria,0,9,O
cutanea,10,17,O
tarda,18,23,O
Portal,0,6,O
hypertension,7,19,O
Portal,0,6,O
vein,7,11,O
thrombosis,12,22,O
Portocaval,0,10,O
shunt,11,16,O
Post,0,4,O
nasal,5,10,O
drip,11,15,O
Post-traumatic,0,14,O
stress,15,21,O
disorder,22,30,O
(PTSD),31,37,O
Postconcussion,0,14,O
syndrome,15,23,O
Precocious,0,10,O
puberty,11,18,O
Preeclampsia,0,12,SYMPTOM
Pregnancy,0,9,O
-,10,11,O
ectopic,12,19,O
Pregnant,0,8,O
Premature,0,9,O
ejaculation,10,21,O
Premature,0,9,O
ventricular,10,21,O
contractions,22,34,O
Prematurity,0,11,SYMPTOM
Presbycusis,0,11,O
Presbyopia,0,10,O
Pressure,0,8,O
equalizing,9,19,O
(PE),20,24,O
tubes,25,30,O
Previous,0,8,O
surgery,9,16,O
Priapism,0,8,O
Prinzmetal's,0,12,O
angina,13,19,O
Proctitis,0,9,O
Prolymphocytic,0,14,O
leukemia,15,23,O
Prostate,0,8,O
-,9,10,O
large,11,16,O
Prostate,0,8,O
calculus,9,17,O
Prostate,0,8,O
cancer,9,15,O
Prostate,0,8,O
disorder,9,17,O
Prostatectomy,0,13,O
Prostatectomy,0,13,O
-,14,15,O
radical,16,23,O
Prostatic,0,9,O
nodule,10,16,O
Prostatitis,0,11,O
Prosthetic,0,10,O
cardiac,11,18,O
valve,19,24,O
Proteinuria,0,11,O
Prothrombin,0,11,O
time,12,16,O
increased,17,26,O
Prurigo,0,7,O
Prurigo,0,7,O
nodularis,8,17,O
Prurigo,0,7,O
of,8,10,O
pregnancy,11,20,O
Pruritus,0,8,O
Pruritus,0,8,O
ani,9,12,O
Pruritus,0,8,O
genitalia,9,18,O
Pseudoaneurysm,0,14,O
Pseudobulbar,0,12,O
palsy,13,18,O
Pseudoepitheliomatous,0,21,O
hyperplasia,22,33,O
Pseudogout,0,10,O
Pseudohypoparathyroidism,0,24,O
Pseudomembranous,0,16,O
enterocolitis,17,30,O
Pseudomyxoma,0,12,O
peritonei,13,22,O
Pseudophakia,0,12,O
Pseudopolyp,0,11,O
Pseudotumor,0,11,O
cerebri,12,19,O
Pseudoxanthoma,0,14,O
elasticum,15,24,O
Psoriasis,0,9,O
Psoriatic,0,9,O
erythroderma,10,22,O
Psychosis,0,9,O
Psychosis,0,9,O
-,10,11,O
acute,12,17,O
toxic,18,23,O
Psychosis,0,9,O
-,10,11,O
atypical,12,20,O
Psychosomatic,0,13,O
disease,14,21,O
Pterygium,0,9,O
Ptosis,0,6,O
Pubic,0,5,O
lice,6,10,O
Pulmonary,0,9,O
abscess,10,17,O
Pulmonary,0,9,O
artery,10,16,O
-,17,18,O
large,19,24,O
Pulmonary,0,9,O
bullae,10,16,O
Pulmonary,0,9,O
disease,10,17,O
Pulmonary,0,9,O
edema,10,15,O
Pulmonary,0,9,O
embolism,10,18,O
Pulmonary,0,9,O
emphysema,10,19,O
-,20,21,O
interstitial,22,34,O
Pulmonary,0,9,O
fibrosis,10,18,O
-,19,20,O
interstitial,21,33,O
Pulmonary,0,9,O
hypertension,10,22,O
Pulmonary,0,9,O
hypertrophic,10,22,O
osteoarthropathy,23,39,O
Pulmonary,0,9,O
infarction,10,20,O
Pulmonary,0,9,O
mass,10,14,O
Pulmonary,0,9,O
metastases,10,20,O
Pulmonary,0,9,O
resection,10,19,O
Pulmonary,0,9,O
valve,10,15,O
disorder,16,24,O
Pulmonary,0,9,O
vein,10,14,O
congestion,15,25,O
Pulmonary,0,9,O
volume,10,16,O
loss,17,21,O
Pulmonic,0,8,O
insufficiency,9,22,O
Pulmonic,0,8,O
stenosis,9,17,O
Pulpal,0,6,O
necrosis,7,15,O
Pulpitis,0,8,O
Purpura,0,7,O
Purpura,0,7,O
simplex,8,15,O
Pustules,0,8,O
Pustulosis,0,10,O
palmaris,11,19,O
et,20,22,O
plantaris,23,32,O
Pyelonephritis,0,14,O
Pyelonephritis,0,14,O
-,15,16,O
acute,17,22,O
Pyelonephritis,0,14,O
-,15,16,O
chronic,17,24,O
Pyloric,0,7,O
obstruction,8,19,O
Pyloric,0,7,O
stenosis,8,16,O
Pyloromyotomy,0,13,O
Pyloroplasty-vagotomy,0,21,O
Pyoderma,0,8,O
Pyoderma,0,8,O
gangrenosum,9,20,O
Pyogenic,0,8,O
granuloma,9,18,O
Pyorrhea,0,8,O
Pyuria,0,6,O
Q,0,1,O
fever,2,7,O
Quadriplegia,0,12,O
Queyrat's,0,9,O
erythroplasia,10,23,O
Rabies,0,6,O
Radial,0,6,O
head,7,11,O
subluxation,12,23,O
Radial,0,6,O
neuropathy,7,17,O
Radiation,0,9,O
exposure,10,18,O
history,19,26,O
Radiation,0,9,O
injury,10,16,O
Radiculopathy,0,13,O
Radius,0,6,O
fracture,7,15,O
Radius/ulna,0,11,O
fracture,12,20,O
Rash,0,4,O
Rash,0,4,O
-,5,6,O
papular,7,14,O
Raynaud's,0,9,O
phenomenon,10,20,O
Reactive,0,8,O
airway,9,15,O
disease,16,23,O
Reconstruction,0,14,O
procedure,15,24,O
Rectal,0,6,O
bleeding,7,15,O
Rectal,0,6,O
pain,7,11,O
Rectal,0,6,O
polyp,7,12,O
Rectal,0,6,O
prolapse,7,15,O
Rectal,0,6,O
stricture,7,16,O
Rectovaginal,0,12,O
fistula,13,20,O
Reduction,0,9,O
mammoplasty,10,21,O
-,22,23,O
bilateral,24,33,O
Reduction,0,9,O
mammoplasty,10,21,O
-,22,23,O
unilateral,24,34,O
Reduction,0,9,O
of,10,12,O
buttocks,13,21,O
Refractive,0,10,O
error,11,16,O
Reiter's,0,8,O
syndrome,9,17,O
Removal,0,7,O
of,8,10,O
tattoo,11,17,O
of,18,20,O
skin,21,25,O
Renal,0,5,O
abnormality,6,17,O
-,18,19,O
congenital,20,30,O
Renal,0,5,O
abscess,6,13,O
Renal,0,5,O
artery,6,12,O
stenosis,13,21,O
Renal,0,5,O
cancer,6,12,O
Renal,0,5,O
cell,6,10,O
adenocarcinoma,11,25,O
Renal,0,5,O
colic,6,11,O
Renal,0,5,O
cyst,6,10,O
Renal,0,5,O
cyst,6,10,O
-,11,12,O
acquired,13,21,O
Renal,0,5,O
disease,6,13,O
-,14,15,O
hypertensive,16,28,O
Renal,0,5,O
disease,6,13,O
-,14,15,O
pregnancy,16,25,O
associated,26,36,O
Renal,0,5,O
failure,6,13,O
-,14,15,O
acute,16,21,O
Renal,0,5,O
failure,6,13,O
-,14,15,O
chronic,16,23,O
Renal,0,5,O
infarction,6,16,O
Renal,0,5,O
insufficiency,6,19,O
-,20,21,O
chronic,22,29,O
Renal,0,5,O
mass,6,10,O
Renal,0,5,O
obstruction,6,17,O
Renal,0,5,O
osteodystrophy,6,20,O
Renal,0,5,O
rupture,6,13,O
Renal,0,5,O
stone,6,11,O
Renal,0,5,O
transplant,6,16,O
Renal,0,5,O
transplant,6,16,O
rejection,17,26,O
Renal,0,5,O
trauma,6,12,O
Renal,0,5,O
tuberculosis,6,18,O
Renal,0,5,O
vein,6,10,O
thrombosis,11,21,O
Renovascular,0,12,O
hypertension,13,25,O
Respiratory,0,11,O
acidosis,12,20,O
Respiratory,0,11,O
arrest,12,18,O
Respiratory,0,11,O
failure,12,19,O
Respiratoy,0,10,O
syncytial,11,20,O
virus,21,26,O
(RSV),27,32,O
infection,33,42,O
Restless,0,8,O
legs,9,13,O
Retardation,0,11,O
-,12,13,O
psychomotor,14,25,O
Retinal,0,7,O
central,8,15,O
artery,16,22,O
occlusion,23,32,O
Retinal,0,7,O
central,8,15,O
vein,16,20,O
occlusion,21,30,O
Retinal,0,7,O
detachment,8,18,O
Retinitis,0,9,O
pigmentosa,10,20,O
Retinoblastoma,0,14,O
Retinopathy,0,11,O
-,12,13,O
diabetic,14,22,O
Retinopathy,0,11,O
-,12,13,O
hypertensive,14,26,O
Retinopathy,0,11,O
-,12,13,O
prematurity,14,25,O
Retinopathy,0,11,O
-,12,13,O
proliferative,14,27,O
Retinopathy,0,11,O
-,12,13,O
proliferative,14,27,O
diabetic,28,36,O
Retroperitoneal,0,15,O
abscess,16,23,O
Retroperitoneal,0,15,O
bleeding,16,24,O
Retroperitoneal,0,15,O
extravasation,16,29,O
Retroperitoneal,0,15,O
fibrosis,16,24,O
Retroperitoneal,0,15,O
mass,16,20,O
Retropharyngeal,0,15,O
abscess,16,23,SYMPTOM
Reye's,0,6,O
syndrome,7,15,O
Rhabdomyolysis,0,14,O
Rhabdomyoma,0,11,O
Rhabdomyosarcoma,0,16,O
Rhabdomyosarcoma,0,16,O
-,17,18,O
alveolar,19,27,O
Rhabdomyosarcoma,0,16,O
-,17,18,O
pleomorphic,19,30,O
Rheumatic,0,9,O
fever,10,15,O
Rheumatic,0,9,O
fever,10,15,O
history,16,23,O
Rheumatoid,0,10,O
arthritis,11,20,O
Rheumatoid,0,10,O
nodule,11,17,O
Rhinitis,0,8,O
-,9,10,O
allergic,11,19,O
Rhinitis,0,8,O
-,9,10,O
chronic,11,18,O
Rhinoplasty,0,11,O
(nose,12,17,O
surgery),18,26,O
Rhinorrhea,0,10,O
Rhytidectomy,0,12,O
(face,13,18,O
lift),19,24,O
Rhytids,0,7,O
Rib,0,3,O
fracture,4,12,O
Rickets,0,7,O
Riedel's,0,8,O
thyroiditis,9,20,O
Rieger,0,6,O
syndrome,7,15,O
Right,0,5,O
heart,6,11,O
disease,12,19,O
Rocky,0,5,O
Mountain,6,14,O
spotted,15,22,O
fever,23,28,O
Rosacea,0,7,O
Roseola,0,7,O
Rotator,0,7,O
cuff,8,12,O
repair,13,19,O
Rotator,0,7,O
cuff,8,12,O
tear,13,17,O
Rotaviral,0,9,O
diarrhea,10,18,O
Roux-en-Y,0,9,O
gastric,10,17,O
bypass,18,24,O
-,25,26,O
laparoscopic,27,39,O
Roux-en-Y,0,9,O
gastric,10,17,O
bypass,18,24,O
-,25,26,O
open,27,31,O
Rubella,0,7,O
syndrome,8,16,O
Sacroiliac,0,10,O
sprain,11,17,O
Sacroilitis,0,11,O
Salivary,0,8,O
duct,9,13,O
stone,14,19,O
Salmonella,0,10,O
enteritidis,11,22,O
Salmonella,0,10,O
infection,11,20,O
Salpingectomy,0,13,O
Salpingectomy,0,13,O
with,14,18,O
oophorectomy,19,31,O
-,32,33,O
bilateral,34,43,O
Sarcoidosis,0,11,O
Sarcoma,0,7,O
Sarcoma,0,7,O
-,8,9,O
myeloid,10,17,O
Sarcoma,0,7,O
-,8,9,O
synovial,10,18,O
Scabies,0,7,O
Scapula,0,7,O
fracture,8,16,O
Scar,0,4,O
Scar,0,4,O
-,5,6,O
hyperplastic,7,19,O
Scar,0,4,O
-,5,6,O
keloid,7,13,O
Scarlet,0,7,O
fever,8,13,O
Schizoaffective,0,15,O
disorder,16,24,O
Schizophrenia,0,13,O
Schizophrenia,0,13,O
-,14,15,O
paranoid,16,24,O
Schizophrenic,0,13,O
disorder,14,22,O
paranoid,23,31,O
Schizotypal,0,11,O
personality,12,23,O
Sciatica,0,8,O
Scleritis,0,9,O
Scleroderma,0,11,O
Sclerotherapy,0,13,O
for,14,17,O
varicose,18,26,O
or,27,29,O
spider,30,36,O
veins,37,42,O
Scoliosis,0,9,O
Scurvy,0,6,O
Sebaceous,0,9,O
hyperplasia,10,21,O
Seborrhea,0,9,O
Seizure,0,7,O
-,8,9,O
electrographic,10,24,O
Seizure,0,7,O
-,8,9,O
febrile,10,17,O
Seizure,0,7,O
-,8,9,O
grand,10,15,O
mal,16,19,O
Seizure,0,7,O
-,8,9,O
new,10,13,O
onset,14,19,O
Seizure,0,7,O
disorder,8,16,O
Seizures,0,8,O
-,9,10,O
complex,11,18,O
partial,19,26,O
Seminoma,0,8,O
Seminoma,0,8,O
-,9,10,O
anaplastic,11,21,O
Senile,0,6,O
lentigo,7,14,O
Senile,0,6,O
purpura,7,14,O
Senility,0,8,O
Sensory,0,7,O
defect,8,14,O
Sepsis,0,6,O
Serous,0,6,O
cystadenocarcinoma,7,25,O
Sertoli-Leydig,0,14,O
cell,15,19,O
tumor,20,25,O
Sertoli-cell-only,0,17,O
syndrome,18,26,O
Severe,0,6,O
combined,7,15,O
immunodeficiency,16,32,O
(SCID),33,39,O
Sexual,0,6,O
abuse,7,12,O
Sexual,0,6,O
assault,7,14,O
Sexual,0,6,O
dysfunction,7,18,O
Sheehan's,0,9,O
syndrome,10,18,O
Shigella,0,8,O
infection,9,18,O
Shigellosis,0,11,O
Shin,0,4,O
splints,5,12,O
Shock,0,5,O
Short,0,5,O
stature,6,13,O
Shoulder,0,8,O
dislocation,9,20,O
Shoulder,0,8,O
dystocia,9,17,O
Shoulder,0,8,O
instability,9,20,O
Shoulder,0,8,O
or,9,11,O
upper,12,17,O
arm,18,21,O
injury,22,28,O
Shoulder,0,8,O
pain,9,13,O
Shoulder,0,8,O
sprain,9,15,O
Shoulder,0,8,O
strain,9,15,O
Sialadenitis,0,12,O
Sickle,0,6,O
cell,7,11,O
anemia,12,18,O
Sickle,0,6,O
cell,7,11,O
crisis,12,18,O
Sickle,0,6,O
cell,7,11,O
trait,12,17,O
Signet,0,6,O
ring,7,11,O
cell,12,16,O
adenocarcinoma,17,31,O
Silicosis,0,9,O
Sinoatrial,0,10,O
block,11,16,O
Sinus,0,5,O
arrhythmia,6,16,O
Sinus,0,5,O
clouding,6,14,O
Sinus,0,5,O
disorder,6,14,O
Sinus,0,5,O
mucosa,6,12,O
thickened,13,22,O
Sinus,0,5,O
tenderness,6,16,O
Sinusitis,0,9,O
Sinusitis,0,9,O
-,10,11,O
acute,12,17,O
Sinusitis,0,9,O
-,10,11,O
chronic,12,19,O
Situs,0,5,O
inversus,6,14,O
Sjögren's,0,9,O
syndrome,10,18,O
Skin,0,4,O
-,5,6,O
dry,7,10,O
Skin,0,4,O
appendage,5,14,O
adenoma,15,22,O
Skin,0,4,O
cancer,5,11,O
Skin,0,4,O
changes,5,12,O
-,13,14,O
atrophic,15,23,O
Skin,0,4,O
condition,5,14,O
-,15,16,O
hypertrophic,17,29,O
Skin,0,4,O
disorder,5,13,O
Skin,0,4,O
eruption,5,13,O
-,14,15,O
pigmented,16,25,O
purpuric,26,34,O
Skin,0,4,O
graft,5,10,O
Skin,0,4,O
lesion,5,11,O
Skin,0,4,O
mass,5,9,O
Skin,0,4,O
neoplasm,5,13,O
-,14,15,O
uncertain,16,25,O
behavior,26,34,O
Skin,0,4,O
pain,5,9,O
-,10,11,O
psychogenic,12,23,O
Skin,0,4,O
tag,5,8,O
Skin,0,4,O
ulcer,5,10,O
Skull,0,5,O
fracture,6,14,O
Sleep,0,5,O
apnea,6,11,O
Slipped,0,7,O
capital,8,15,O
femoral,16,23,O
epiphysis,24,33,O
Small,0,5,O
bowel,6,11,O
-,12,13,O
dilated,14,21,O
Small,0,5,O
bowel,6,11,O
abnormality,12,23,O
Small,0,5,O
bowel,6,11,O
ischemia,12,20,O
Small,0,5,O
bowel,6,11,O
obstruction,12,23,O
Small,0,5,O
bowel,6,11,O
resection,12,21,O
Small,0,5,O
bowel,6,11,O
stricture,12,21,O
Small,0,5,O
bowel,6,11,O
surgery,12,19,O
Small,0,5,O
cell,6,10,O
carcinoma,11,20,O
Small,0,5,O
for,6,9,O
gestational,10,21,O
age,22,25,O
Small,0,5,O
intestine,6,15,O
transplant,16,26,O
Smallpox,0,8,O
Smoke,0,5,O
inhalation,6,16,O
injury,17,23,O
Sneezing,0,8,O
Social,0,6,O
phobia,7,13,O
Soft,0,4,O
tissue,5,11,O
neoplasm,12,20,O
-,21,22,O
malignant,23,32,O
Soft,0,4,O
tissue,5,11,O
neoplasm,12,20,O
-,21,22,O
uncertain,23,32,O
behavior,33,41,O
Solar,0,5,O
elastosis,6,15,O
Somnolence,0,10,O
Spastic,0,7,O
perineum,8,16,O
syndrome,17,25,O
Speech,0,6,O
disorder,7,15,O
Spermatocele,0,12,O
Spermatogenic,0,13,O
arrest,14,20,O
Spermatogenic,0,13,O
granuloma,14,23,O
Spherocytosis,0,13,O
Spider,0,6,O
angioma,7,14,O
Spina,0,5,O
bifida,6,12,O
Spinal,0,6,O
cord,7,11,O
compression,12,23,O
-,24,25,O
extrinsic,26,35,O
Spinal,0,6,O
cord,7,11,O
lesion,12,18,O
Spinal,0,6,O
cord,7,11,O
mass,12,16,O
Spinal,0,6,O
cord,7,11,O
transection,12,23,O
Spinal,0,6,O
epidural,7,15,O
abscess,16,23,O
Spinal,0,6,O
nerve,7,12,O
compression,13,24,O
Spinal,0,6,O
stenosis,7,15,O
Spine,0,5,O
disorder,6,14,O
Spine,0,5,O
surgery,6,13,O
Splenectomy,0,11,O
Splenectomy,0,11,O
-,12,13,O
partial,14,21,O
Splenic,0,7,O
abscess,8,15,O
Splenic,0,7,O
infarction,8,18,O
Splenic,0,7,O
rupture,8,15,O
Splenomegaly,0,12,O
Splenorenal,0,11,O
shunt,12,17,O
Spondylolisthesis,0,17,O
Spontaneous,0,11,O
abortion,12,20,O
Sprain,0,6,O
Sprue,0,5,O
Sputum,0,6,O
production,7,17,O
Squamous,0,8,O
cell,9,13,O
papilloma,14,23,O
Squamous,0,8,O
cell,9,13,O
skin,14,18,O
cancer,19,25,O
Stab,0,4,O
wound,5,10,O
Status,0,6,O
epilepticus,7,18,O
Steatocystoma,0,13,O
multiplex,14,23,O
Steatorrhea,0,11,O
Stiffness,0,9,O
Stomatitis,0,10,O
Stool,0,5,O
-,6,7,O
heme,8,12,O
positive,13,21,O
Strabismus,0,10,O
Strabismus,0,10,O
repair,11,17,O
Streptococcal,0,13,O
pharyngits,14,24,O
Stress,0,6,O
fracture,7,15,O
Striae,0,6,O
Stridor,0,7,O
Stripping,0,9,O
of,10,12,O
vein,13,17,O
Stroke,0,6,O
Sturge-Weber,0,12,O
syndrome,13,21,O
Stuttering,0,10,O
Subarachnoid,0,12,O
hemorrhage,13,23,O
Subcorneal,0,10,O
pustulosis,11,21,O
Subcutaneous,0,12,O
nodules,13,20,O
Subdural,0,8,O
empyema,9,16,O
Subdural,0,8,O
hematoma,9,17,O
Submandibular,0,13,O
space,14,19,O
abscess,20,27,O
Subphrenic,0,10,O
abscess,11,18,O
Subungal,0,8,O
hematoma,9,17,O
Suicidal,0,8,O
ideation,9,17,O
Suicide,0,7,O
attempt,8,15,O
Sulfhemoglobinemia,0,18,O
Sunburn,0,7,O
Superficial,0,11,O
phlebitis,12,21,O
Superficial,0,11,O
spreading,12,21,O
melanoma,22,30,O
Superficial,0,11,O
vein,12,16,O
thrombosis,17,27,O
Superior,0,8,O
sagittal,9,17,O
sinus,18,23,O
thrombosis,24,34,O
Suprapubic,0,10,O
pain,11,15,O
Surgical,0,8,O
procedure,9,18,O
Suspected,0,9,O
child,10,15,O
abuse,16,21,O
Sweets,0,6,O
syndrome,7,15,O
Sympathectomy,0,13,O
Sympathetic,0,11,O
dystrophy,12,21,O
-,22,23,O
reflex,24,30,O
Syncope,0,7,O
Syndactyly,0,10,O
Syndrome,0,8,O
of,9,11,O
inappropriate,12,25,O
vasopressin,26,37,O
secretion,38,47,O
(SIADH),48,55,O
Synovitis,0,9,O
Syringoma,0,9,O
Syringomyelia,0,13,O
Systemic,0,8,O
lupus,9,14,O
erythematosus,15,28,O
Tachybrady,0,10,O
syndrome,11,19,O
Tachycardia,0,11,O
Takayasu's,0,10,O
arteritis,11,20,O
Talus,0,5,O
fracture,6,14,O
Tardive,0,7,O
dyskinesia,8,18,O
Tarsal,0,6,O
fracture,7,15,O
Tattoo,0,6,O
Teeth,0,5,O
ankylosis,6,15,O
Telangiectasia,0,14,O
Telogen,0,7,O
effluvium,8,17,O
Temporal,0,8,O
arteritis,9,18,O
Temporomandibular,0,17,O
arthritis,18,27,O
Temporomandibular,0,17,O
joint,18,23,O
syndrome,24,32,O
(TMJ),33,38,O
Tenderness,0,10,O
-,11,12,O
rebound,13,20,O
Tendon,0,6,O
injury,7,13,O
Tendonitis,0,10,O
Tenesmus,0,8,O
Tenosynovitis,0,13,O
Teratoma,0,8,O
-,9,10,O
benign,11,17,O
cystic,18,24,O
Teratoma,0,8,O
-,9,10,O
malignant,11,20,O
Testicles,0,9,O
-,10,11,O
large,12,17,O
Testicular,0,10,O
cancer,11,17,O
Testicular,0,10,O
mass,11,15,O
Testicular,0,10,O
pain,11,15,O
Testicular,0,10,O
torsion,11,18,O
Testis,0,6,O
-,7,8,O
undescended,9,20,O
Tetralogy,0,9,O
of,10,12,O
Fallot,13,19,O
(TOF),20,25,O
Thalamic,0,8,O
hemorrhage,9,19,O
Thalassemia,0,11,O
Therapeutic,0,11,O
carpal,12,18,O
tunnel,19,25,O
injection,26,35,O
Thiamine,0,8,O
deficiency,9,19,O
Thoracentesis,0,13,O
Thoracic,0,8,O
outlet,9,15,O
obstruction,16,27,O
Thoracic,0,8,O
spondylosis,9,20,O
Thoracic,0,8,O
surgery,9,16,O
Thoracic,0,8,O
vertebra,9,17,O
fracture,18,26,O
Thoracostomy,0,12,O
Three,0,5,O
vessel,6,12,O
coronary,13,21,O
artery,22,28,O
disease,29,36,O
Throat,0,6,O
cancer,7,13,O
Throat,0,6,O
hemorrhage,7,17,O
Throat,0,6,O
mass,7,11,O
Throat,0,6,O
pain,7,11,O
Thrombectomy,0,12,O
Thrombocytopenia,0,16,O
Thrombocytosis,0,14,O
Thrombotic,0,10,O
thrombocytopenic,11,27,O
purpura,28,35,O
Thymectomy,0,10,O
Thymoma,0,7,O
Thyroglossal,0,12,O
cyst,13,17,O
Thyroid,0,7,O
abnormality,8,19,O
other,20,25,O
Thyroid,0,7,O
adenoma,8,15,O
Thyroid,0,7,O
bruit,8,13,O
Thyroid,0,7,O
cancer,8,14,O
Thyroid,0,7,O
cyst,8,12,O
Thyroid,0,7,O
nodule,8,14,O
Thyroid,0,7,O
nodule,8,14,O
-,15,16,O
cold,17,21,O
Thyroid,0,7,O
nodule,8,14,O
-,15,16,O
hot,17,20,O
Thyroidectomy,0,13,O
Tibia,0,5,O
fracture,6,14,O
Tibia/fibula,0,12,O
fracture,13,21,O
Tibial,0,6,O
plateau,7,14,O
fracture,15,23,O
Tic,0,3,O
-,4,5,O
motor,6,11,O
Tick,0,4,O
bite,5,9,O
Tick-borne,0,10,O
relapsing,11,20,O
fever,21,26,O
Tietze's,0,8,O
disease,9,16,O
Tinea,0,5,O
capitis,6,13,O
Tinea,0,5,O
corporis,6,14,O
Tinea,0,5,O
cruris,6,12,O
Tinea,0,5,O
pedis,6,11,O
Tinea,0,5,O
versicolor,6,16,O
Tinnitus,0,8,O
Tobacco,0,7,O
chewer,8,14,O
Toe,0,3,O
dislocation,4,15,O
Toe,0,3,O
fracture,4,12,O
Toe,0,3,O
pain,4,8,O
Toe,0,3,O
sprain,4,10,O
Toe,0,3,O
strain,4,10,O
Tongue,0,6,O
-,7,8,O
coated,9,15,O
Tongue,0,6,O
-,7,8,O
red,9,12,O
Tongue,0,6,O
pain,7,11,O
Tonsillar,0,9,O
abscess,10,17,O
Tonsillectomy,0,13,O
Tonsillectomy,0,13,O
and,14,17,O
adenoidectomy,18,31,O
Tonsillitis,0,11,O
-,12,13,O
acute,14,19,O
Tonsillitis,0,11,O
-,12,13,O
chronic,14,21,O
Tonsils,0,7,O
-,8,9,O
large,10,15,O
Tooth,0,5,O
-,6,7,O
impacted,8,16,O
Tooth,0,5,O
abscess,6,13,O
Tooth,0,5,O
extraction,6,16,O
Tooth,0,5,O
fracture,6,14,O
Tooth,0,5,O
implant,6,13,O
Tooth,0,5,O
loss,6,10,O
Tooth,0,5,O
luxation,6,14,O
Toothache,0,9,O
Tophus,0,6,O
Torsades,0,8,O
de,9,11,O
pointes,12,19,O
Torticollis,0,11,O
Total,0,5,O
anomalous,6,15,O
pulmonary,16,25,O
venous,26,32,O
return,33,39,O
(TAPVR),40,47,O
Tourette,0,8,O
syndrome,9,17,O
Toxic,0,5,O
epidermal,6,15,O
necrolysis,16,26,O
Toxic,0,5,O
shock,6,11,O
syndrome,12,20,O
Toxicity,0,8,O
-,9,10,O
alcohol,11,18,O
Toxicity,0,8,O
-,9,10,O
digitalis,11,20,O
Toxoplasmosis,0,13,O
Tracheal,0,8,O
stenosis,9,17,O
Tracheoesophageal,0,17,O
fistula,18,25,O
Tracheomalacia,0,14,O
Tracheostomy,0,12,O
Transfusion,0,11,O
reaction,12,20,O
Transient,0,9,O
ischemic,10,18,O
attack,19,25,O
Transitional,0,12,O
cell,13,17,O
papilloma,18,27,O
Transjugular,0,12,O
intrahepatic,13,25,O
portosystemic,26,39,O
shunt,40,45,O
(TIPS),46,52,O
placement,53,62,O
Transplant,0,10,O
of,11,13,O
hair,14,18,O
follicles,19,28,O
to,29,31,O
scalp,32,37,O
Transplant,0,10,O
rejection,11,20,O
Transposition,0,13,O
of,14,16,O
the,17,20,O
great,21,26,O
arteries,27,35,O
(TGA),36,41,O
Transurethral,0,13,O
resection,14,23,O
of,24,26,O
prostate,27,35,O
(TURP),36,42,O
Trauma,0,6,O
-,7,8,O
minor,9,14,O
Travelers',0,10,O
diarrhea,11,19,O
Tremor,0,6,O
Trichiasis,0,10,O
Trichinosis,0,11,O
Trichoepithelioma,0,17,O
Trichomycosis,0,13,O
axillaris,14,23,O
Trichotillomania,0,16,O
Tricuspid,0,9,O
insufficiency,10,23,O
Tricuspid,0,9,O
stenosis,10,18,O
Tricuspid,0,9,O
valve,10,15,O
disorder,16,24,O
Trigeminal,0,10,O
neuralgia,11,20,O
Trigger,0,7,O
finger,8,14,O
Trochlear,0,9,O
nerve,10,15,O
palsy,16,21,O
Tropical,0,8,O
sprue,9,14,O
Truncus,0,7,O
arteriosus,8,18,O
(TA),19,23,O
Tubal,0,5,O
ligation,6,14,O
Tubal,0,5,O
ligation,6,14,O
-,15,16,O
bilateral,17,26,O
Tubal,0,5,O
ligation,6,14,O
-,15,16,O
laparoscopic,17,29,O
Tubal,0,5,O
ligation,6,14,O
-,15,16,O
postpartum,17,27,O
Tuberculosis,0,12,O
-,13,14,O
active,15,21,O
Tuberculosis,0,12,O
-,13,14,O
inactive,15,23,O
Tuberculosis,0,12,O
-,13,14,O
miliary,15,22,O
Tuberculosis,0,12,O
exposure,13,21,O
Tuberculosis,0,12,O
skin,13,17,O
test,18,22,O
(PPD),23,28,O
reactive,29,37,O
Tuberous,0,8,O
sclerosis,9,18,O
Tubular,0,7,O
acidosis,8,16,O
Tubular,0,7,O
adenocarcinoma,8,22,O
Tubular,0,7,O
necrosis,8,16,O
-,17,18,O
acute,19,24,O
Turbinectomy,0,12,O
Turner,0,6,O
syndrome,7,15,O
Tympanic,0,8,O
membrane,9,17,O
perforation,18,29,O
Tyrosinosis,0,11,O
Ulcer,0,5,O
-,6,7,O
aphthous,8,16,O
Ulcer,0,5,O
-,6,7,O
ischemic,8,16,O
Ulna,0,4,O
fracture,5,13,O
Ulnar,0,5,O
nerve,6,11,O
injury,12,18,O
Ulnar,0,5,O
neuropathy,6,16,O
Umbilical,0,9,O
granuloma,10,19,O
Umbilical,0,9,O
hernia,10,16,O
repair,17,23,O
Upper,0,5,O
extremity,6,15,O
amputation,16,26,O
Upper,0,5,O
gastrointestinal,6,22,O
bleeding,23,31,O
Upper,0,5,O
respiratory,6,17,O
infection,18,27,O
Uremia,0,6,O
Ureter,0,6,O
dilated,7,14,O
Ureter,0,6,O
obstruction,7,18,O
Ureter,0,6,O
stenosis,7,15,O
Ureter,0,6,O
stent,7,12,O
insertion,13,22,O
Ureter,0,6,O
stone,7,12,O
Ureteral,0,8,O
fistula,9,16,O
Ureteral,0,8,O
perforation,9,20,O
Ureteral,0,8,O
reflux,9,15,O
Ureteritis,0,10,O
-,11,12,O
cystic,13,19,O
Ureterocele,0,11,O
Ureteropelvic,0,13,O
junction,14,22,O
obstruction,23,34,O
Urethral,0,8,O
caruncle,9,17,O
Urethral,0,8,O
discharge,9,18,O
Urethral,0,8,O
diverticulum,9,21,O
Urethral,0,8,O
obstruction,9,20,O
Urethral,0,8,O
stone,9,14,O
Urethral,0,8,O
stricture,9,18,O
Urethritis,0,10,O
Urethritis,0,10,O
-,11,12,O
chlamydial,13,23,O
Urethritis,0,10,O
-,11,12,O
chronic,13,20,O
Urethritis,0,10,O
-,11,12,O
nongonococcal,13,26,O
Uric,0,4,O
acid,5,9,O
abnormality,10,21,O
Uric,0,4,O
acid,5,9,O
stone,10,15,O
Urinary,0,7,O
frequency,8,17,SYMPTOM
Urinary,0,7,O
hesitation,8,18,O
Urinary,0,7,O
ileostomy,8,17,O
Urinary,0,7,O
incontinence,8,20,O
Urinary,0,7,O
sphincter,8,17,O
-,18,19,O
artificial,20,30,O
Urinary,0,7,O
stress,8,14,O
incontinence,15,27,O
-,28,29,O
female,30,36,O
Urinary,0,7,O
tract,8,13,O
infection,14,23,O
(UTI),24,29,O
Urinary,0,7,O
tract,8,13,O
infection,14,23,O
recurrent,24,33,O
Urine,0,5,O
-,6,7,O
abnormal,8,16,O
Urine,0,5,O
retention,6,15,O
Urosepsis,0,9,O
Urticaria,0,9,O
Urticaria,0,9,O
-,10,11,O
cholinergic,12,23,O
Urticaria,0,9,O
-,10,11,O
chronic,12,19,O
Urticaria,0,9,O
pigmentosa,10,20,O
Uterine,0,7,O
bleeding,8,16,O
-,17,18,O
abnormal,19,27,O
Uterine,0,7,O
bleeding,8,16,O
-,17,18,O
dysfunctional,19,32,O
Uterine,0,7,O
cancer,8,14,O
Uterine,0,7,O
cervix,8,14,O
cerclage,15,23,O
Uterine,0,7,O
hemorrhage,8,18,O
Uterine,0,7,O
prolapse,8,16,O
Uterine,0,7,O
rupture,8,15,O
Uterine,0,7,O
sarcoma,8,15,O
Uvula,0,5,O
-,6,7,O
deviated,8,16,O
Vaginal,0,7,O
bleeding,8,16,O
Vaginal,0,7,O
cancer,8,14,O
Vaginal,0,7,O
delivery,8,16,O
-,17,18,O
spontaneous,19,30,O
Vaginal,0,7,O
discharge,8,17,O
Vaginal,0,7,O
itch,8,12,O
Vaginal,0,7,O
laceration,8,18,O
Vaginal,0,7,O
odor,8,12,O
Vaginal,0,7,O
prolapse,8,16,O
Vaginitis,0,9,O
Vaginitis,0,9,O
-,10,11,O
allergic,12,20,O
Vaginitis,0,9,O
-,10,11,O
atrophic,12,20,O
Vaginosis,0,9,O
-,10,11,O
bacterial,12,21,O
Valvular,0,8,O
heart,9,14,O
disease,15,22,O
Valvulitis,0,10,O
-,11,12,O
rheumatic,13,22,O
Valvulotomy,0,11,O
Vancomycin,0,10,O
resistant,11,20,O
enterococcus,21,33,O
(VRE),34,39,O
colonization,40,52,O
Vancomycin,0,10,O
resistant,11,20,O
enterococcus,21,33,O
(VRE),34,39,O
infection,40,49,O
Varicella,0,9,O
Varices,0,7,O
Varicocele,0,10,O
Varicose,0,8,O
vein,9,13,O
surgery,14,21,O
Vascular,0,8,O
calcification,9,22,O
Vascular,0,8,O
hamartoma,9,18,O
Vascular,0,8,O
malformation,9,21,O
Vascular,0,8,O
surgery,9,16,O
Vasculitis,0,10,O
Vasculitis,0,10,O
-,11,12,O
autoimmune,13,23,O
Vasculitis,0,10,O
-,11,12,O
granulomatous,13,26,O
Vasculitis,0,10,O
-,11,12,O
leukocytoclastic,13,29,O
Vasectomy,0,9,O
Vasovagal,0,9,O
attack,10,16,O
Velopharyngeal,0,14,O
incompetence,15,27,O
Vena,0,4,O
cava,5,9,O
filter,10,16,O
insertion,17,26,O
Vena,0,4,O
cava,5,9,O
ligation,10,18,O
Venereal,0,8,O
disease,9,16,O
Venous,0,6,O
insufficiency,7,20,O
Venous,0,6,O
lake,7,11,O
Venous,0,6,O
obstruction,7,18,O
Venous,0,6,O
port,7,11,O
insertion,12,21,O
Venous,0,6,O
stasis,7,13,O
ulcer,14,19,O
Ventilator,0,10,O
dependent,11,20,O
Ventricular,0,11,O
aneurysm,12,20,O
Ventricular,0,11,O
arrhythmia,12,22,O
Ventricular,0,11,O
fibrillation,12,24,O
Ventricular,0,11,O
flutter,12,19,O
Ventricular,0,11,O
septal,12,18,O
defect,19,25,O
Ventriculoperitoneal,0,20,O
(VP),21,25,O
shunt,26,31,O
Verruca,0,7,O
plana,8,13,O
Verruca,0,7,O
plantaris,8,17,O
Verruca,0,7,O
vulgaris,8,16,O
Vertebral,0,9,O
burst,10,15,O
fracture,16,24,O
Vertebral,0,9,O
collapse,10,18,O
Vertebral,0,9,O
fracture,10,18,O
Vertebral,0,9,O
fusion,10,16,O
Vertebrobasilar,0,15,O
insufficiency,16,29,O
Vertigo,0,7,O
Villous,0,7,O
adenocarcinoma,8,22,O
Viral,0,5,O
flu,6,9,O
syndrome,10,18,O
Viral,0,5,O
infection,6,15,O
Vision,0,6,O
-,7,8,O
blurred,9,16,O
Vision,0,6,O
-,7,8,O
diminished,9,19,O
Vision,0,6,O
disorder,7,15,O
Visual,0,6,O
field,7,12,O
defect,13,19,O
Vitamin,0,7,O
K,8,9,O
deficiency,10,20,O
Vitiligo,0,8,O
Vitreous,0,8,O
hemorrhage,9,19,O
Vocal,0,5,O
cord,6,10,O
palsy,11,16,O
Vomiting,0,8,O
Vomiting,0,8,O
-,9,10,O
persistent,11,21,O
Von,0,3,O
Willebrand's,4,16,O
disease,17,24,O
Vulva,0,5,O
cancer,6,12,O
Vulvitis,0,8,O
Vulvovaginitis,0,14,O
Vulvovaginitis,0,14,O
-,15,16,O
candidal,17,25,O
Warthin's,0,9,O
tumor,10,15,O
Weber-Christian,0,15,O
disease,16,23,O
Wegener's,0,9,O
granulomatosis,10,24,O
Weight,0,6,O
loss,7,11,O
Weight,0,6,O
loss,7,11,O
surgery,12,19,O
Weight,0,6,O
problem,7,14,O
Wernicke's,0,10,O
syndrome,11,19,O
Wheezing,0,8,O
Whiplash,0,8,O
injury,9,15,O
Whipple's,0,9,O
disease,10,17,O
White,0,5,O
blood,6,11,O
cell,12,16,O
phagocytosis,17,29,O
Wilson's,0,8,O
disease,9,16,O
Winter,0,6,O
itch,7,11,O
Wound,0,5,O
dehiscence,6,16,O
Wound,0,5,O
infection,6,15,O
-,16,17,O
postoperative,18,31,O
Wrist,0,5,O
dislocation,6,17,O
Wrist,0,5,O
fracture,6,14,O
Wrist,0,5,O
pain,6,10,O
Wrist,0,5,O
sprain,6,12,O
Wrist,0,5,O
strain,6,12,O
Xanthelasma,0,11,O
Xanthoma,0,8,O
Xerosis,0,7,O
Xerostomia,0,10,O
Zollinger-Ellison,0,17,O
syndrome,18,26,O
